user_id,dealer,action_type,time_stamp,item_name,item_price,coupon_code,dist_channel
223424301,"Best Buy",purchase,2013-11-14,"Status Indicator Sm",203,,Retail
223101473,"Best Buy",purchase,2013-11-12,"Status Indicator Md",295,,Retail
223586221,"Best Buy",purchase,2013-03-06,"Status Indicator Lg",397,,Retail
223586221,"Best Buy",purchase,2013-12-06,"Status Indicator Md",295,,Retail
222266573,"Best Buy",purchase,2013-06-06,"Status Indicator Md",295,,Retail
223110581,"Best Buy",purchase,2013-11-12,"Status Indicator Md",295,,Retail
222929433,"Best Buy",purchase,2013-11-14,"Status Indicator Lg",397,,Retail
224092221,"Best Buy",purchase,2013-08-13,"Status Indicator Lg",397,,Retail
224092221,"Best Buy",purchase,2013-07-08,"Status Indicator Lg",397,,Retail
222635953,"Best Buy",purchase,2013-08-28,"Status Indicator Lg",397,,Retail
223100461,"Best Buy",purchase,2013-09-03,"Status Indicator Md",295,,Retail
223424301,"Best Buy",purchase,2013-12-06,"Status Indicator Lg",397,,Retail
222853533,"Best Buy",purchase,2013-10-17,"Status Indicator Md",295,,Retail
222123881,"Best Buy",purchase,2013-02-14,"Status Indicator Lg",397,,Retail
223530561,"Best Buy",purchase,2014-01-21,"Status Indicator Md",295,,Retail
222974973,"Best Buy",purchase,2013-11-14,"Status Indicator Md",295,,Retail
222853533,"Best Buy",purchase,2013-10-24,"Status Indicator Md",295,,Retail
222479093,"Best Buy",purchase,2013-05-21,"Status Indicator Lg",397,,Retail
223789633,"Best Buy",purchase,2013-11-18,"Status Indicator Md",295,,Retail
223789633,"Best Buy",purchase,2014-02-17,"Status Indicator Sm",203,,Retail
223151061,"Best Buy",purchase,2013-07-17,"Status Indicator Md",295,,Retail
223151061,"Best Buy",purchase,2013-07-31,"Status Indicator Md",295,,Retail
222377893,"Best Buy",purchase,2013-06-25,"Status Indicator Lg",397,,Retail
222377893,"Best Buy",purchase,2013-07-02,"Status Indicator Md",295,,Retail
223101473,"Best Buy",purchase,2013-11-12,"Status Indicator Md",295,,Retail
219497741,"Best Buy",purchase,2013-01-02,"Status Indicator Lg",397,,Retail
224405941,"Best Buy",purchase,2014-02-11,"Status Indicator Sm",203,,Retail
223232021,"Best Buy",purchase,2013-11-01,"Status Indicator Lg",397,,Retail
223383821,"Best Buy",purchase,2013-01-29,"Status Indicator Lg",397,,Retail
224092221,"Best Buy",purchase,2013-09-26,"Status Indicator Lg",397,,Retail
224092221,"Best Buy",purchase,2013-08-13,"Status Indicator Md",295,,Retail
223819993,"Best Buy",purchase,2013-08-23,"Status Indicator Md",295,,Retail
223819993,"Best Buy",purchase,2013-12-26,"Status Indicator Sm",203,,Retail
220069521,"Best Buy",purchase,2013-04-19,"Status Indicator Lg",397,,Retail
220069521,"Best Buy",purchase,2013-11-01,"Status Indicator Sm",203,,Retail
220069521,"Best Buy",purchase,2013-11-15,"Status Indicator Sm",203,,Retail
220069521,"Best Buy",purchase,2013-11-27,"Status Indicator Sm",203,,Retail
220069521,"Best Buy",purchase,2013-11-11,"Status Indicator Sm",203,,Retail
222312113,"Best Buy",purchase,2013-05-21,"Status Indicator Md",295,,Retail
222312113,"Best Buy",purchase,2013-05-21,"Status Indicator Md",295,,Retail
222422421,"Best Buy",purchase,2013-07-03,"Status Indicator Md",295,,Retail
222422421,"Best Buy",purchase,2013-07-03,"Status Indicator Md",295,,Retail
222523621,"Best Buy",purchase,2013-11-06,"Status Indicator Sm",203,,Retail
223095401,"Best Buy",purchase,2013-06-19,"Status Indicator Md",295,,Retail
223415193,"Best Buy",purchase,2013-11-07,"Status Indicator Lg",397,,Retail
220464201,"Best Buy",purchase,2013-01-03,"Status Indicator Lg",397,,Retail
220464201,"Best Buy",purchase,2013-07-10,"Status Indicator Md",295,,Retail
220464201,"Best Buy",purchase,2013-09-15,"Status Indicator Sm",203,,Retail
223556873,"Best Buy",purchase,2014-02-12,"Status Indicator Sm",203,,Retail
222848473,"Best Buy",purchase,2013-09-19,"Status Indicator Md",295,,Retail
222848473,"Best Buy",purchase,2013-10-02,"Status Indicator Md",295,,Retail
223207733,"Best Buy",purchase,2013-11-13,"Status Indicator Sm",203,,Retail
223946493,"Best Buy",purchase,2013-11-20,"Status Indicator Lg",397,,Retail
223946493,"Best Buy",purchase,2014-02-12,"Status Indicator Md",295,,Retail
223789633,"Best Buy",purchase,2014-02-03,"Status Indicator Sm",203,,Retail
223789633,"Best Buy",purchase,2014-02-17,"Status Indicator Sm",203,,Retail
223278573,"Best Buy",purchase,2013-08-01,"Status Indicator Lg",397,,Retail
223530561,"Best Buy",purchase,2013-11-14,"Status Indicator Lg",397,,Retail
223308933,"Best Buy",purchase,2013-09-04,"Status Indicator Md",295,,Retail
223100461,"Best Buy",purchase,2013-11-12,"Status Indicator Sm",203,,Retail
222523621,"Best Buy",purchase,2013-07-02,"Status Indicator Md",295,,Retail
223424301,"Best Buy",purchase,2013-12-06,"Status Indicator Md",295,,Retail
221430661,"Best Buy",purchase,2013-09-17,"Status Indicator Sm",203,,Retail
223424301,"Best Buy",purchase,2013-11-14,"Status Indicator Sm",203,,Retail
223475913,"Best Buy",purchase,2013-11-27,"Status Indicator Md",295,,Retail
220069521,"Best Buy",purchase,2013-07-18,"Status Indicator Md",295,,Retail
223916133,"Best Buy",purchase,2013-11-01,"Status Indicator Md",295,,Retail
223572053,"Best Buy",purchase,2013-10-23,"Status Indicator Lg",397,,Retail
222377893,"Best Buy",purchase,2013-05-15,"Status Indicator Md",295,,Retail
220236501,"Best Buy",purchase,2013-04-10,"Status Indicator Md",295,,Retail
223221901,"Best Buy",purchase,2013-11-08,"Status Indicator Md",295,,Retail
222321221,"Best Buy",purchase,2013-05-29,"Status Indicator Md",295,,Retail
222802933,"Best Buy",purchase,2013-09-18,"Status Indicator Sm",203,,Retail
223197613,"Best Buy",purchase,2013-11-01,"Status Indicator Lg",397,,Retail
223197613,"Best Buy",purchase,2013-12-19,"Status Indicator Md",295,,Retail
222575233,"Best Buy",purchase,2013-12-03,"Status Indicator Sm",203,,Retail
221956901,"Best Buy",purchase,2013-09-18,"Status Indicator Sm",203,,Retail
223560921,"Best Buy",purchase,2014-02-19,"Status Indicator Sm",203,,Retail
223004321,"Best Buy",purchase,2013-10-21,"Status Indicator Md",295,,Retail
223946493,"Best Buy",purchase,2014-02-12,"Status Indicator Md",295,,Retail
223267441,"Best Buy",purchase,2013-11-27,"Status Indicator Sm",203,,Retail
223556873,"Best Buy",purchase,2014-01-29,"Status Indicator Sm",203,,Retail
222280741,"Best Buy",purchase,2013-05-10,"Status Indicator Md",295,,Retail
222280741,"Best Buy",purchase,2013-05-10,"Status Indicator Md",295,,Retail
223916133,"Best Buy",purchase,2013-11-14,"Status Indicator Lg",397,,Retail
223177373,"Best Buy",purchase,2013-11-08,"Status Indicator Md",295,,Retail
223415193,"Best Buy",purchase,2014-02-27,"Status Indicator Sm",203,,Retail
223486033,"Best Buy",purchase,2013-12-26,"Status Indicator Sm",203,,Retail
223415193,"Best Buy",purchase,2013-11-14,"Status Indicator Sm",203,,Retail
223172313,"Best Buy",purchase,2013-09-19,"Status Indicator Lg",397,,Retail
223167253,"Best Buy",purchase,2013-12-06,"Status Indicator Md",295,,Retail
223597353,"Best Buy",purchase,2013-11-12,"Status Indicator Sm",203,,Retail
222123881,"Best Buy",purchase,2013-05-01,"Status Indicator Lg",397,,Retail
222123881,"Best Buy",purchase,2013-04-10,"Status Indicator Md",295,,Retail
222417361,"Best Buy",purchase,2014-01-16,"Status Indicator Sm",203,,Retail
222417361,"Best Buy",purchase,2014-01-16,"Status Indicator Sm",203,,Retail
223232021,"Best Buy",purchase,2013-08-28,"Status Indicator Md",295,,Retail
223328161,"Best Buy",purchase,2013-11-06,"Status Indicator Sm",203,,Retail
223151061,"Best Buy",purchase,2013-10-30,"Status Indicator Md",295,,Retail
222579281,"Best Buy",purchase,2013-08-14,"Status Indicator Lg",397,,Retail
222913241,"Best Buy",purchase,2013-11-20,"Status Indicator Md",295,,Retail
224280453,"Best Buy",purchase,2013-12-03,"Status Indicator Sm",203,,Retail
223378761,"Best Buy",purchase,2013-11-20,"Status Indicator Lg",397,,Retail
222833293,"Best Buy",purchase,2013-10-09,"Status Indicator Lg",397,,Retail
222326281,"Best Buy",purchase,2013-04-10,"Status Indicator Md",295,,Retail
223474901,"Best Buy",purchase,2013-12-18,"Status Indicator Sm",203,,Retail
223486033,"Best Buy",purchase,2013-12-26,"Status Indicator Sm",203,,Retail
223486033,"Best Buy",purchase,2013-12-26,"Status Indicator Sm",203,,Retail
223415193,"Best Buy",purchase,2013-12-06,"Status Indicator Sm",203,,Retail
223566993,"Best Buy",purchase,2014-01-29,"Status Indicator Sm",203,,Retail
223095401,"Best Buy",purchase,2013-09-17,"Status Indicator Sm",203,,Retail
223095401,"Best Buy",purchase,2013-11-14,"Status Indicator Sm",203,,Retail
224199493,"Best Buy",purchase,2014-02-12,"Status Indicator Md",295,,Retail
223151061,"Best Buy",purchase,2013-09-21,"Status Indicator Md",295,,Retail
223480973,"Best Buy",purchase,2014-03-06,"Status Indicator Md",295,,Retail
223597353,"Best Buy",purchase,2013-11-12,"Status Indicator Md",295,,Retail
223597353,"Best Buy",purchase,2013-11-04,"Status Indicator Lg",397,,Retail
223597353,"Best Buy",purchase,2013-12-03,"Status Indicator Sm",203,,Retail
223526513,"Best Buy",purchase,2013-10-23,"Status Indicator Md",295,,Retail
222143615,"Best Buy",purchase,2013-06-25,"Status Indicator Lg",397,,Retail
223323607,"Best Buy",purchase,2014-02-24,"Status Indicator Sm",203,,Retail
222401675,"Best Buy",purchase,2013-05-29,"Status Indicator Md",295,,Retail
219740115,"Best Buy",purchase,2013-01-03,"Status Indicator Lg",397,,Retail
223044801,"Best Buy",purchase,2013-11-22,"Status Indicator Sm",203,,Retail
221557161,"Best Buy",purchase,2013-11-06,"Status Indicator Sm",203,,Retail
222802933,"Best Buy",purchase,2013-09-18,"Status Indicator Sm",203,,Retail
221582461,"Best Buy",purchase,2013-02-13,"Status Indicator Lg",397,,Retail
223530561,"Best Buy",purchase,2013-10-30,"Status Indicator Md",295,,Retail
223374207,"Best Buy",purchase,2013-11-21,"Status Indicator Sm",203,,Retail
219476995,"Best Buy",purchase,2013-09-17,"Status Indicator Sm",203,,Retail
223384833,"Best Buy",purchase,2013-10-24,"Status Indicator Md",295,,Retail
223177373,"Best Buy",purchase,2013-11-08,"Status Indicator Lg",397,,Retail
223612533,"Best Buy",purchase,2013-05-15,"Status Indicator Md",295,,Retail
222928421,"Best Buy",purchase,2013-08-07,"Status Indicator Lg",397,,Retail
222220527,"Best Buy",purchase,2013-05-10,"Status Indicator Md",295,,Retail
223293247,"Best Buy",purchase,2013-10-30,"Status Indicator Md",295,,Retail
222371315,"Best Buy",purchase,2013-06-12,"Status Indicator Md",295,,Retail
225118895,"Best Buy",purchase,2013-11-20,"Status Indicator Lg",397,,Retail
223911073,"Best Buy",purchase,2014-02-27,"Status Indicator Sm",203,,Retail
223911073,"Best Buy",purchase,2014-02-27,"Status Indicator Sm",203,,Retail
220099375,"Best Buy",purchase,2013-08-22,"Status Indicator Md",295,,Retail
223273007,"Best Buy",purchase,2013-11-08,"Status Indicator Lg",397,,Retail
223273007,"Best Buy",purchase,2013-11-26,"Status Indicator Md",295,,Retail
223100967,"Best Buy",purchase,2013-10-30,"Status Indicator Lg",397,,Retail
223858955,"Best Buy",purchase,2014-03-05,"Status Indicator Md",295,,Retail
223858955,"Best Buy",purchase,2014-03-05,"Status Indicator Md",295,,Retail
223858955,"Best Buy",purchase,2014-02-26,"Status Indicator Md",295,,Retail
223956107,"Best Buy",purchase,2013-12-03,"Status Indicator Lg",397,,Retail
223662627,"Best Buy",purchase,2013-11-18,"Status Indicator Md",295,,Retail
223293247,"Best Buy",purchase,2013-11-06,"Status Indicator Md",295,,Retail
223566487,"Best Buy",purchase,2013-11-11,"Status Indicator Sm",203,,Retail
223566487,"Best Buy",purchase,2013-11-11,"Status Indicator Sm",203,,Retail
222143615,"Best Buy",purchase,2013-08-15,"Status Indicator Lg",397,,Retail
222143615,"Best Buy",purchase,2013-11-08,"Status Indicator Sm",203,,Retail
223637327,"Best Buy",purchase,2013-10-08,"Status Indicator Md",295,,Retail
223708167,"Best Buy",purchase,2014-01-21,"Status Indicator Md",295,,Retail
223854907,"Best Buy",purchase,2014-02-19,"Status Indicator Sm",203,,Retail
222133495,"Best Buy",purchase,2013-02-14,"Status Indicator Md",295,,Retail
222143615,"Best Buy",purchase,2013-05-15,"Status Indicator Lg",397,,Retail
222143615,"Best Buy",purchase,2013-11-14,"Status Indicator Sm",203,,Retail
223283127,"Best Buy",purchase,2013-11-12,"Status Indicator Sm",203,,Retail
223283127,"Best Buy",purchase,2013-11-22,"Status Indicator Sm",203,,Retail
223895387,"Best Buy",purchase,2014-02-19,"Status Indicator Sm",203,,Retail
224118027,"Best Buy",purchase,2014-02-20,"Status Indicator Sm",203,,Retail
223171807,"Best Buy",purchase,2014-01-24,"Status Indicator Sm",203,,Retail
224082607,"Best Buy",purchase,2014-02-13,"Status Indicator Sm",203,,Retail
224118027,"Best Buy",purchase,2014-02-20,"Status Indicator Sm",203,,Retail
223273007,"Best Buy",purchase,2013-11-26,"Status Indicator Md",295,,Retail
223293247,"Best Buy",purchase,2013-11-08,"Status Indicator Lg",397,,Retail
223895387,"Best Buy",purchase,2014-02-19,"Status Indicator Sm",203,,Retail
221738815,"Best Buy",purchase,2013-09-18,"Status Indicator Sm",203,,Retail
221738815,"Best Buy",purchase,2013-11-11,"Status Indicator Sm",203,,Retail
224118027,"Best Buy",purchase,2014-02-20,"Status Indicator Sm",203,,Retail
224285007,"Best Buy",purchase,2014-02-13,"Status Indicator Lg",397,,Retail
222371315,"Best Buy",purchase,2013-06-12,"Status Indicator Md",295,,Retail
222872255,"Best Buy",purchase,2013-09-24,"Status Indicator Md",295,,Retail
222872255,"Best Buy",purchase,2013-09-24,"Status Indicator Md",295,,Retail
222968395,"Best Buy",purchase,2013-10-30,"Status Indicator Lg",397,,Retail
222968395,"Best Buy",purchase,2013-10-30,"Status Indicator Lg",397,,Retail
222968395,"Best Buy",purchase,2013-10-30,"Status Indicator Lg",397,,Retail
219678889,"Best Buy",purchase,2013-09-18,"Status Indicator Sm",203,,Retail
223895387,"Best Buy",purchase,2014-02-19,"Status Indicator Sm",203,,Retail
223956107,"Best Buy",purchase,2014-03-10,"Status Indicator Sm",203,,Retail
222968395,"Best Buy",purchase,2013-11-06,"Status Indicator Sm",203,,Retail
219678889,"Best Buy",purchase,2013-11-22,"Status Indicator Lg",397,,Retail
225108775,"Best Buy",purchase,2014-02-20,"Status Indicator Sm",203,,Retail
222893507,"Best Buy",purchase,2013-11-04,"Status Indicator Sm",203,,Retail
221456467,"Best Buy",purchase,2013-11-13,"Status Indicator Sm",203,,Retail
221871387,"Best Buy",purchase,2013-01-02,"Status Indicator Lg",397,,Retail
224092727,"Best Buy",purchase,2014-02-20,"Status Indicator Sm",203,,Retail
222159807,"Best Buy",purchase,2013-05-20,"Status Indicator Md",295,,Retail
219744669,"Best Buy",purchase,2013-12-12,"Status Indicator Md",295,,Retail
221082027,"Best Buy",purchase,2013-09-17,"Status Indicator Sm",203,,Retail
221871387,"Best Buy",purchase,2013-01-25,"Status Indicator Md",295,,Retail
221871387,"Best Buy",purchase,2013-02-25,"Status Indicator Md",295,,Retail
221502007,"Best Buy",purchase,2013-02-13,"Status Indicator Md",295,,Retail
221502007,"Best Buy",purchase,2014-01-09,"Status Indicator Md",295,,Retail
223858955,"Best Buy",purchase,2013-11-14,"Status Indicator Lg",397,,Retail
223266935,"Best Buy",purchase,2014-01-16,"Status Indicator Sm",203,,Retail
223266935,"Best Buy",purchase,2013-11-21,"Status Indicator Sm",203,,Retail
222139567,"Best Buy",purchase,2013-05-10,"Status Indicator Md",295,,Retail
222139567,"Best Buy",purchase,2013-05-10,"Status Indicator Md",295,,Retail
219744669,"Best Buy",purchase,2013-04-19,"Status Indicator Md",295,,Retail
221871387,"Best Buy",purchase,2013-12-03,"Status Indicator Sm",203,,Retail
221871387,"Best Buy",purchase,2013-12-03,"Status Indicator Sm",203,,Retail
223171807,"Best Buy",purchase,2014-01-17,"Status Indicator Sm",203,,Retail
221830907,"Best Buy",purchase,2013-01-16,"Status Indicator Md",295,,Retail
221830907,"Best Buy",purchase,2013-09-17,"Status Indicator Sm",203,,Retail
223858955,"Best Buy",purchase,2014-01-15,"Status Indicator Sm",203,,Retail
223858955,"Best Buy",purchase,2013-11-14,"Status Indicator Lg",397,,Retail
220301269,"Best Buy",purchase,2013-11-27,"Status Indicator Sm",203,,Retail
222787247,"Best Buy",purchase,2013-09-17,"Status Indicator Sm",203,,Retail
221859749,"Best Buy",purchase,2013-09-15,"Status Indicator Sm",203,,Retail
222998249,"Best Buy",purchase,2013-11-13,"Status Indicator Md",295,,Retail
222998249,"Best Buy",purchase,2013-11-13,"Status Indicator Md",295,,Retail
222345509,"Best Buy",purchase,2013-06-03,"Status Indicator Md",295,,Retail
222345509,"Best Buy",purchase,2013-06-03,"Status Indicator Md",295,,Retail
220731369,"Best Buy",purchase,2013-09-15,"Status Indicator Sm",203,,Retail
220731369,"Best Buy",purchase,2014-01-29,"Status Indicator Sm",203,,Retail
222102629,"Best Buy",purchase,2013-04-11,"Status Indicator Lg",397,,Retail
223630749,"Best Buy",purchase,2013-10-16,"Status Indicator Md",295,,Retail
222699709,"Best Buy",purchase,2013-03-28,"Status Indicator Lg",397,,Retail
225043501,"Best Buy",purchase,2013-11-07,"Status Indicator Md",295,,Retail
225043501,"Best Buy",purchase,2013-11-21,"Status Indicator Md",295,,Retail
222122869,"Best Buy",purchase,2013-02-21,"Status Indicator Md",295,,Retail
221793969,"Best Buy",purchase,2013-01-03,"Status Indicator Lg",397,,Retail
221555643,"Best Buy",purchase,2013-05-15,"Status Indicator Md",295,,Retail
223934349,"Best Buy",purchase,2013-06-19,"Status Indicator Md",295,,Retail
222745249,"Best Buy",purchase,2013-09-17,"Status Indicator Sm",203,,Retail
222234189,"Best Buy",purchase,2013-05-01,"Status Indicator Lg",397,,Retail
222638989,"Best Buy",purchase,2013-09-17,"Status Indicator Sm",203,,Retail
222638989,"Best Buy",purchase,2013-08-28,"Status Indicator Md",295,,Retail
222694649,"Best Buy",purchase,2013-09-23,"Status Indicator Sm",203,,Retail
222694649,"Best Buy",purchase,2013-08-01,"Status Indicator Md",295,,Retail
224076029,"Best Buy",purchase,2013-11-01,"Status Indicator Md",295,,Retail
222122869,"Best Buy",purchase,2013-02-21,"Status Indicator Md",295,,Retail
222198769,"Best Buy",purchase,2014-01-29,"Status Indicator Sm",203,,Retail
222198769,"Best Buy",purchase,2014-01-30,"Status Indicator Sm",203,,Retail
223104509,"Best Buy",purchase,2013-11-14,"Status Indicator Md",295,,Retail
222522609,"Best Buy",purchase,2013-08-13,"Status Indicator Md",295,,Retail
223600389,"Best Buy",purchase,2013-11-14,"Status Indicator Md",295,,Retail
223013429,"Best Buy",purchase,2013-11-04,"Status Indicator Md",295,,Retail
222988129,"Best Buy",purchase,2013-11-08,"Status Indicator Sm",203,,Retail
223013429,"Best Buy",purchase,2013-11-04,"Status Indicator Md",295,,Retail
223008369,"Best Buy",purchase,2014-01-15,"Status Indicator Sm",203,,Retail
223529549,"Best Buy",purchase,2013-09-21,"Status Indicator Lg",397,,Retail
221813703,"Best Buy",purchase,2013-01-03,"Status Indicator Lg",397,,Retail
223772429,"Best Buy",purchase,2013-11-12,"Status Indicator Lg",397,,Retail
223934349,"Best Buy",purchase,2013-06-12,"Status Indicator Md",295,,Retail
222891989,"Best Buy",purchase,2013-11-08,"Status Indicator Sm",203,,Retail
222735129,"Best Buy",purchase,2013-09-17,"Status Indicator Sm",203,,Retail
222735129,"Best Buy",purchase,2013-09-17,"Status Indicator Sm",203,,Retail
222745249,"Best Buy",purchase,2013-10-01,"Status Indicator Md",295,,Retail
223008369,"Best Buy",purchase,2013-11-20,"Status Indicator Md",295,,Retail
223863509,"Best Buy",purchase,2014-02-17,"Status Indicator Sm",203,,Retail
224607329,"Best Buy",purchase,2013-11-21,"Status Indicator Lg",397,,Retail
224045669,"Best Buy",purchase,2013-10-16,"Status Indicator Lg",397,,Retail
222522609,"Best Buy",purchase,2013-08-01,"Status Indicator Md",295,,Retail
223104509,"Best Buy",purchase,2013-10-24,"Status Indicator Md",295,,Retail
223463769,"Best Buy",purchase,2013-11-06,"Status Indicator Md",295,,Retail
223362569,"Best Buy",purchase,2013-11-21,"Status Indicator Sm",203,,Retail
223600389,"Best Buy",purchase,2013-11-14,"Status Indicator Md",295,,Retail
223362569,"Best Buy",purchase,2013-09-17,"Status Indicator Sm",203,,Retail
223362569,"Best Buy",purchase,2013-10-31,"Status Indicator Sm",203,,Retail
223600389,"Best Buy",purchase,2013-11-14,"Status Indicator Md",295,,Retail
223600389,"Best Buy",purchase,2013-11-14,"Status Indicator Md",295,,Retail
223600389,"Best Buy",purchase,2013-11-14,"Status Indicator Md",295,,Retail
222876809,"Best Buy",purchase,2013-09-17,"Status Indicator Sm",203,,Retail
222800909,"Best Buy",purchase,2013-09-17,"Status Indicator Sm",203,,Retail
222800909,"Best Buy",purchase,2013-09-17,"Status Indicator Sm",203,,Retail
224222769,"Best Buy",purchase,2014-01-22,"Status Indicator Sm",203,,Retail
224076029,"Best Buy",purchase,2013-11-01,"Status Indicator Lg",397,,Retail
223974829,"Best Buy",purchase,2014-01-29,"Status Indicator Sm",203,,Retail
222891989,"Best Buy",purchase,2013-11-08,"Status Indicator Sm",203,,Retail
223104509,"Best Buy",purchase,2013-11-01,"Status Indicator Sm",203,,Retail
221555643,"Best Buy",purchase,2013-01-03,"Status Indicator Lg",397,,Retail
224288549,"Best Buy",purchase,2013-10-02,"Status Indicator Md",295,,Retail
223783561,"Best Buy",purchase,2013-11-14,"Status Indicator Lg",397,,Retail
223834161,"Best Buy",purchase,2013-10-30,"Status Indicator Lg",397,,Retail
224607329,"Best Buy",purchase,2013-11-21,"Status Indicator Md",295,,Retail
221530343,"Best Buy",purchase,2013-01-02,"Status Indicator Md",295,,Retail
224222769,"Best Buy",purchase,2014-01-15,"Status Indicator Sm",203,,Retail
222365243,"Best Buy",purchase,2013-06-05,"Status Indicator Md",295,,Retail
223974829,"Best Buy",purchase,2014-02-19,"Status Indicator Sm",203,,Retail
224040609,"Best Buy",purchase,2013-09-26,"Status Indicator Md",295,,Retail
223721829,"Best Buy",purchase,2013-11-12,"Status Indicator Lg",397,,Retail
222132483,"Best Buy",purchase,2013-05-10,"Status Indicator Md",295,,Retail
222208383,"Best Buy",purchase,2013-05-10,"Status Indicator Md",295,,Retail
223459215,"Best Buy",purchase,2013-11-11,"Status Indicator Sm",203,,Retail
223463769,"Best Buy",purchase,2014-01-14,"Status Indicator Sm",203,,Retail
222183083,"Best Buy",purchase,2013-07-10,"Status Indicator Md",295,,Retail
224000129,"Best Buy",purchase,2013-10-30,"Status Indicator Lg",397,,Retail
223914109,"Best Buy",purchase,2013-12-26,"Status Indicator Md",295,,Retail
221961455,"Best Buy",purchase,2013-09-17,"Status Indicator Sm",203,,Retail
222213443,"Best Buy",purchase,2013-05-29,"Status Indicator Md",295,,Retail
222218503,"Best Buy",purchase,2013-01-03,"Status Indicator Lg",397,,Retail
222912735,"Best Buy",purchase,2013-11-07,"Status Indicator Md",295,,Retail
223620123,"Best Buy",purchase,2014-01-03,"Status Indicator Md",295,,Retail
221931095,"Best Buy",purchase,2013-01-03,"Status Indicator Lg",397,,Retail
223191035,"Best Buy",purchase,2013-11-21,"Status Indicator Sm",203,,Retail
223337775,"Best Buy",purchase,2013-11-08,"Status Indicator Lg",397,,Retail
222790283,"Best Buy",purchase,2013-07-31,"Status Indicator Lg",397,,Retail
222359677,"Best Buy",purchase,2013-06-12,"Status Indicator Md",295,,Retail
222213443,"Best Buy",purchase,2013-05-29,"Status Indicator Md",295,,Retail
223625689,"Best Buy",purchase,2014-01-16,"Status Indicator Sm",203,,Retail
223666169,"Best Buy",purchase,2014-01-15,"Status Indicator Sm",203,,Retail
223286669,"Best Buy",purchase,2013-11-13,"Status Indicator Sm",203,,Retail
221964997,"Best Buy",purchase,2013-09-23,"Status Indicator Sm",203,,Retail
223165735,"Best Buy",purchase,2013-11-12,"Status Indicator Sm",203,,Retail
223540175,"Best Buy",purchase,2014-02-19,"Status Indicator Md",295,,Retail
223265417,"Best Buy",purchase,2013-10-24,"Status Indicator Md",295,,Retail
223995575,"Best Buy",purchase,2013-11-14,"Status Indicator Lg",397,,Retail
224091715,"Best Buy",purchase,2013-10-30,"Status Indicator Lg",397,,Retail
221931095,"Best Buy",purchase,2013-02-13,"Status Indicator Md",295,,Retail
223549283,"Best Buy",purchase,2013-12-18,"Status Indicator Sm",203,,Retail
223053403,"Best Buy",purchase,2013-11-22,"Status Indicator Sm",203,,Retail
222790283,"Best Buy",purchase,2013-09-17,"Status Indicator Sm",203,,Retail
223028103,"Best Buy",purchase,2013-08-28,"Status Indicator Md",295,,Retail
223503743,"Best Buy",purchase,2013-12-18,"Status Indicator Sm",203,,Retail
223503743,"Best Buy",purchase,2013-12-18,"Status Indicator Sm",203,,Retail
222587883,"Best Buy",purchase,2013-10-17,"Status Indicator Lg",397,,Retail
222587883,"Best Buy",purchase,2013-08-01,"Status Indicator Md",295,,Retail
222401675,"Best Buy",purchase,2013-06-19,"Status Indicator Md",295,,Retail
222624315,"Best Buy",purchase,2013-07-24,"Status Indicator Md",295,,Retail
222623303,"Best Buy",purchase,2014-01-16,"Status Indicator Sm",203,,Retail
223119183,"Best Buy",purchase,2013-11-12,"Status Indicator Lg",397,,Retail
223842257,"Best Buy",purchase,2014-02-03,"Status Indicator Sm",203,,Retail
223857437,"Best Buy",purchase,2014-02-27,"Status Indicator Sm",203,,Retail
222273657,"Best Buy",purchase,2013-06-13,"Status Indicator Lg",397,,Retail
222522103,"Best Buy",purchase,2013-08-01,"Status Indicator Lg",397,,Retail
222359677,"Best Buy",purchase,2013-06-12,"Status Indicator Lg",397,,Retail
222790283,"Best Buy",purchase,2013-09-17,"Status Indicator Sm",203,,Retail
222521597,"Best Buy",purchase,2013-06-10,"Status Indicator Md",295,,Retail
223028103,"Best Buy",purchase,2013-11-06,"Status Indicator Md",295,,Retail
222623303,"Best Buy",purchase,2014-01-31,"Status Indicator Sm",203,,Retail
223549283,"Best Buy",purchase,2013-12-21,"Status Indicator Sm",203,,Retail
223453143,"Best Buy",purchase,2013-10-16,"Status Indicator Md",295,,Retail
223306403,"Best Buy",purchase,2013-11-06,"Status Indicator Sm",203,,Retail
222507935,"Best Buy",purchase,2013-07-22,"Status Indicator Lg",397,,Retail
222361195,"Best Buy",purchase,2013-07-08,"Status Indicator Md",295,,Retail
221652795,"Best Buy",purchase,2014-02-12,"Status Indicator Sm",203,,Retail
223119183,"Best Buy",purchase,2013-11-12,"Status Indicator Md",295,,Retail
223437963,"Best Buy",purchase,2013-12-03,"Status Indicator Sm",203,,Retail
220021957,"Best Buy",purchase,2013-03-01,"Status Indicator Md",295,,Retail
222249875,"Best Buy",purchase,2013-04-10,"Status Indicator Md",295,,Retail
224151423,"Best Buy",purchase,2013-11-14,"Status Indicator Lg",397,,Retail
221738815,"Best Buy",purchase,2013-03-14,"Status Indicator Lg",397,,Retail
223287175,"Best Buy",purchase,2013-11-12,"Status Indicator Md",295,,Retail
222790283,"Best Buy",purchase,2013-09-17,"Status Indicator Sm",203,,Retail
222217997,"Best Buy",purchase,2013-04-10,"Status Indicator Md",295,,Retail
223720817,"Best Buy",purchase,2013-11-08,"Status Indicator Lg",397,,Retail
223857437,"Best Buy",purchase,2014-01-16,"Status Indicator Sm",203,,Retail
223119183,"Best Buy",purchase,2014-03-04,"Status Indicator Md",295,,Retail
223842257,"Best Buy",purchase,2014-02-03,"Status Indicator Sm",203,,Retail
221711491,"Best Buy",purchase,2013-02-14,"Status Indicator Lg",397,,Retail
221711491,"Best Buy",purchase,2013-05-15,"Status Indicator Lg",397,,Retail
222921843,"Best Buy",purchase,2013-09-17,"Status Indicator Sm",203,,Retail
222921843,"Best Buy",purchase,2013-11-08,"Status Indicator Sm",203,,Retail
222623303,"Best Buy",purchase,2014-01-31,"Status Indicator Sm",203,,Retail
223488563,"Best Buy",purchase,2014-02-24,"Status Indicator Sm",203,,Retail
223287175,"Best Buy",purchase,2013-11-12,"Status Indicator Md",295,,Retail
221961455,"Best Buy",purchase,2013-09-17,"Status Indicator Sm",203,,Retail
223053403,"Best Buy",purchase,2013-11-27,"Status Indicator Sm",203,,Retail
223351943,"Best Buy",purchase,2013-11-18,"Status Indicator Lg",397,,Retail
223282115,"Best Buy",purchase,2013-05-29,"Status Indicator Md",295,,Retail
222497815,"Best Buy",purchase,2013-08-01,"Status Indicator Lg",397,,Retail
223351943,"Best Buy",purchase,2013-11-12,"Status Indicator Sm",203,,Retail
223351943,"Best Buy",purchase,2013-12-03,"Status Indicator Sm",203,,Retail
222921843,"Best Buy",purchase,2013-11-08,"Status Indicator Sm",203,,Retail
222623303,"Best Buy",purchase,2013-08-01,"Status Indicator Lg",397,,Retail
223685903,"Best Buy",purchase,2013-11-27,"Status Indicator Sm",203,,Retail
223044295,"Best Buy",purchase,2013-11-13,"Status Indicator Md",295,,Retail
223575595,"Best Buy",purchase,2013-10-31,"Status Indicator Md",295,,Retail
223191035,"Best Buy",purchase,2013-11-14,"Status Indicator Sm",203,,Retail
221711491,"Best Buy",purchase,2014-01-16,"Status Indicator Sm",203,,Retail
221711491,"Best Buy",purchase,2013-11-27,"Status Indicator Md",295,,Retail
224070463,"Best Buy",purchase,2014-03-10,"Status Indicator Sm",203,,Retail
222912735,"Best Buy",purchase,2013-10-31,"Status Indicator Md",295,,Retail
223459215,"Best Buy",purchase,2013-09-18,"Status Indicator Sm",203,,Retail
223459215,"Best Buy",purchase,2014-01-03,"Status Indicator Md",295,,Retail
222917795,"Best Buy",purchase,2013-11-06,"Status Indicator Sm",203,,Retail
222917795,"Best Buy",purchase,2013-11-14,"Status Indicator Sm",203,,Retail
223165735,"Best Buy",purchase,2013-11-18,"Status Indicator Sm",203,,Retail
223488563,"Best Buy",purchase,2014-02-24,"Status Indicator Sm",203,,Retail
222921843,"Best Buy",purchase,2013-11-08,"Status Indicator Sm",203,,Retail
224131183,"Best Buy",purchase,2014-02-27,"Status Indicator Sm",203,,Retail
222476057,"Best Buy",purchase,2013-07-08,"Status Indicator Md",295,,Retail
221964997,"Best Buy",purchase,2013-01-02,"Status Indicator Lg",397,,Retail
223550295,"Best Buy",purchase,2013-11-01,"Status Indicator Lg",397,,Retail
223808355,"Best Buy",purchase,2013-11-20,"Status Indicator Lg",397,,Retail
222624315,"Best Buy",purchase,2013-07-24,"Status Indicator Md",295,,Retail
222421915,"Best Buy",purchase,2013-09-19,"Status Indicator Md",295,,Retail
222917795,"Best Buy",purchase,2013-03-06,"Status Indicator Lg",397,,Retail
222917795,"Best Buy",purchase,2013-11-06,"Status Indicator Sm",203,,Retail
222917795,"Best Buy",purchase,2013-11-14,"Status Indicator Sm",203,,Retail
222917795,"Best Buy",purchase,2013-11-14,"Status Indicator Sm",203,,Retail
222917795,"Best Buy",purchase,2013-09-17,"Status Indicator Sm",203,,Retail
223165735,"Best Buy",purchase,2013-11-12,"Status Indicator Sm",203,,Retail
221813197,"Best Buy",purchase,2013-01-03,"Status Indicator Lg",397,,Retail
221813197,"Best Buy",purchase,2013-01-03,"Status Indicator Lg",397,,Retail
224435795,"Best Buy",purchase,2013-07-11,"Status Indicator Md",295,,Retail
222273657,"Best Buy",purchase,2013-09-18,"Status Indicator Sm",203,,Retail
221711491,"Best Buy",purchase,2013-01-03,"Status Indicator Lg",397,,Retail
221711491,"Best Buy",purchase,2013-02-21,"Status Indicator Md",295,,Retail
221964997,"Best Buy",purchase,2013-04-29,"Status Indicator Md",295,,Retail
223231515,"Best Buy",purchase,2014-02-20,"Status Indicator Sm",203,,Retail
224242503,"Best Buy",purchase,2013-12-06,"Status Indicator Lg",397,,Retail
224131183,"Best Buy",purchase,2014-02-13,"Status Indicator Sm",203,,Retail
224242503,"Best Buy",purchase,2014-02-14,"Status Indicator Md",295,,Retail
223611015,"Best Buy",purchase,2013-07-31,"Status Indicator Lg",397,,Retail
220635229,"Best Buy",purchase,2013-11-22,"Status Indicator Lg",397,,Retail
223540175,"Best Buy",purchase,2014-02-12,"Status Indicator Md",295,,Retail
223540175,"Best Buy",purchase,2014-01-29,"Status Indicator Sm",203,,Retail
223808355,"Best Buy",purchase,2014-02-12,"Status Indicator Md",295,,Retail
220731369,"Best Buy",purchase,2013-09-15,"Status Indicator Sm",203,,Retail
223772935,"Best Buy",purchase,2013-08-14,"Status Indicator Lg",397,,Retail
223772935,"Best Buy",purchase,2014-01-22,"Status Indicator Sm",203,,Retail
223772935,"Best Buy",purchase,2014-01-29,"Status Indicator Sm",203,,Retail
224023911,"Best Buy",purchase,2013-12-04,"Status Indicator Md",295,,Retail
222642531,"Best Buy",purchase,2013-02-20,"Status Indicator Md",295,,Retail
223092871,"Best Buy",purchase,2013-11-12,"Status Indicator Md",295,,Retail
223123231,"Best Buy",purchase,2013-10-17,"Status Indicator Md",295,,Retail
223123231,"Best Buy",purchase,2013-11-01,"Status Indicator Md",295,,Retail
222156771,"Best Buy",purchase,2013-03-06,"Status Indicator Md",295,,Retail
224013791,"Best Buy",purchase,2014-01-31,"Status Indicator Sm",203,,Retail
224023911,"Best Buy",purchase,2013-11-13,"Status Indicator Lg",397,,Retail
222207371,"Best Buy",purchase,2013-05-20,"Status Indicator Md",295,,Retail
223831631,"Best Buy",purchase,2014-02-14,"Status Indicator Md",295,,Retail
223482491,"Best Buy",purchase,2013-11-20,"Status Indicator Md",295,,Retail
224681711,"Best Buy",purchase,2013-09-17,"Status Indicator Sm",203,,Retail
224681711,"Best Buy",purchase,2013-11-01,"Status Indicator Lg",397,,Retail
223128291,"Best Buy",purchase,2013-11-14,"Status Indicator Sm",203,,Retail
223163711,"Best Buy",purchase,2013-12-06,"Status Indicator Sm",203,,Retail
223163711,"Best Buy",purchase,2013-11-14,"Status Indicator Sm",203,,Retail
222500851,"Best Buy",purchase,2013-08-01,"Status Indicator Lg",397,,Retail
223123231,"Best Buy",purchase,2013-10-09,"Status Indicator Md",295,,Retail
223168771,"Best Buy",purchase,2013-12-06,"Status Indicator Sm",203,,Retail
224681711,"Best Buy",purchase,2013-09-17,"Status Indicator Sm",203,,Retail
219326713,"Best Buy",purchase,2013-09-17,"Status Indicator Sm",203,,Retail
219326713,"Best Buy",purchase,2013-09-17,"Status Indicator Sm",203,,Retail
223517911,"Best Buy",purchase,2013-11-18,"Status Indicator Md",295,,Retail
223482491,"Best Buy",purchase,2013-10-30,"Status Indicator Md",295,,Retail
223831631,"Best Buy",purchase,2014-02-14,"Status Indicator Md",295,,Retail
223482491,"Best Buy",purchase,2013-11-06,"Status Indicator Md",295,,Retail
223482491,"Best Buy",purchase,2013-12-04,"Status Indicator Md",295,,Retail
223649471,"Best Buy",purchase,2013-11-13,"Status Indicator Sm",203,,Retail
222885411,"Best Buy",purchase,2013-09-18,"Status Indicator Sm",203,,Retail
223285151,"Best Buy",purchase,2013-12-13,"Status Indicator Sm",203,,Retail
223128291,"Best Buy",purchase,2013-11-14,"Status Indicator Sm",203,,Retail
223608991,"Best Buy",purchase,2013-11-26,"Status Indicator Lg",397,,Retail
223608991,"Best Buy",purchase,2013-12-26,"Status Indicator Md",295,,Retail
223330185,"Best Buy",purchase,2013-11-01,"Status Indicator Md",295,,Retail
223356497,"Best Buy",purchase,2013-10-30,"Status Indicator Md",295,,Retail
223532585,"Best Buy",purchase,2013-12-16,"Status Indicator Md",295,,Retail
223994057,"Best Buy",purchase,2014-02-19,"Status Indicator Sm",203,,Retail
222936517,"Best Buy",purchase,2013-09-13,"Status Indicator Lg",397,,Retail
223016465,"Best Buy",purchase,2013-08-07,"Status Indicator Md",295,,Retail
222961817,"Best Buy",purchase,2013-11-08,"Status Indicator Sm",203,,Retail
223219877,"Best Buy",purchase,2013-11-06,"Status Indicator Md",295,,Retail
224539525,"Best Buy",purchase,2013-11-25,"Status Indicator Lg",397,,Retail
222941577,"Best Buy",purchase,2013-11-06,"Status Indicator Sm",203,,Retail
224879557,"Best Buy",purchase,2013-08-14,"Status Indicator Lg",397,,Retail
222905145,"Best Buy",purchase,2013-08-01,"Status Indicator Lg",397,,Retail
222717925,"Best Buy",purchase,2013-10-01,"Status Indicator Lg",397,,Retail
223037717,"Best Buy",purchase,2013-08-28,"Status Indicator Md",295,,Retail
223416205,"Best Buy",purchase,2013-12-06,"Status Indicator Md",295,,Retail
223638845,"Best Buy",purchase,2014-01-20,"Status Indicator Sm",203,,Retail
223933337,"Best Buy",purchase,2014-03-05,"Status Indicator Md",295,,Retail
223994057,"Best Buy",purchase,2014-02-26,"Status Indicator Md",295,,Retail
222840377,"Best Buy",purchase,2013-10-30,"Status Indicator Lg",397,,Retail
224241997,"Best Buy",purchase,2013-11-14,"Status Indicator Lg",397,,Retail
223316017,"Best Buy",purchase,2013-10-30,"Status Indicator Lg",397,,Retail
223452637,"Best Buy",purchase,2014-03-04,"Status Indicator Sm",203,,Retail
221710479,"Best Buy",purchase,2013-03-06,"Status Indicator Md",295,,Retail
223670217,"Best Buy",purchase,2014-01-23,"Status Indicator Sm",203,,Retail
222941577,"Best Buy",purchase,2013-11-06,"Status Indicator Sm",203,,Retail
223356497,"Best Buy",purchase,2013-11-26,"Status Indicator Sm",203,,Retail
223604437,"Best Buy",purchase,2013-11-18,"Status Indicator Lg",397,,Retail
220299751,"Best Buy",purchase,2013-11-08,"Status Indicator Md",295,,Retail
222076317,"Best Buy",purchase,2013-01-03,"Status Indicator Lg",397,,Retail
222076317,"Best Buy",purchase,2013-04-19,"Status Indicator Md",295,,Retail
223088317,"Best Buy",purchase,2013-11-07,"Status Indicator Md",295,,Retail
223579137,"Best Buy",purchase,2013-10-23,"Status Indicator Lg",397,,Retail
221710479,"Best Buy",purchase,2013-01-02,"Status Indicator Md",295,,Retail
222287825,"Best Buy",purchase,2013-05-10,"Status Indicator Md",295,,Retail
223761297,"Best Buy",purchase,2013-10-09,"Status Indicator Lg",397,,Retail
218973019,"Best Buy",purchase,2013-09-15,"Status Indicator Sm",203,,Retail
218973019,"Best Buy",purchase,2013-09-15,"Status Indicator Sm",203,,Retail
223452637,"Best Buy",purchase,2013-11-12,"Status Indicator Lg",397,,Retail
221635085,"Best Buy",purchase,2013-08-14,"Status Indicator Lg",397,,Retail
223994057,"Best Buy",purchase,2014-02-12,"Status Indicator Sm",203,,Retail
222900085,"Best Buy",purchase,2013-07-08,"Status Indicator Md",295,,Retail
223427843,"Best Buy",purchase,2013-11-07,"Status Indicator Md",295,,Retail
222875797,"Best Buy",purchase,2013-10-30,"Status Indicator Sm",203,,Retail
222875797,"Best Buy",purchase,2013-10-30,"Status Indicator Sm",203,,Retail
223219877,"Best Buy",purchase,2013-11-20,"Status Indicator Sm",203,,Retail
222632917,"Best Buy",purchase,2013-02-11,"Status Indicator Lg",397,,Retail
220916059,"Best Buy",purchase,2013-11-12,"Status Indicator Md",295,,Retail
220916059,"Best Buy",purchase,2013-12-10,"Status Indicator Md",295,,Retail
222829245,"Best Buy",purchase,2014-03-05,"Status Indicator Md",295,,Retail
221918951,"Best Buy",purchase,2013-02-15,"Status Indicator Md",295,,Retail
223908037,"Best Buy",purchase,2013-12-06,"Status Indicator Lg",397,,Retail
223908037,"Best Buy",purchase,2014-03-07,"Status Indicator Sm",203,,Retail
223908037,"Best Buy",purchase,2014-03-07,"Status Indicator Md",295,,Retail
223117665,"Best Buy",purchase,2014-01-31,"Status Indicator Sm",203,,Retail
224758117,"Best Buy",purchase,2013-11-27,"Status Indicator Sm",203,,Retail
223958637,"Best Buy",purchase,2013-11-22,"Status Indicator Lg",397,,Retail
222014585,"Best Buy",purchase,2014-01-16,"Status Indicator Md",295,,Retail
222014585,"Best Buy",purchase,2014-01-16,"Status Indicator Md",295,,Retail
222597497,"Best Buy",purchase,2013-09-17,"Status Indicator Sm",203,,Retail
223771417,"Best Buy",purchase,2014-02-21,"Status Indicator Sm",203,,Retail
223391917,"Best Buy",purchase,2013-11-13,"Status Indicator Sm",203,,Retail
223391917,"Best Buy",purchase,2013-11-20,"Status Indicator Md",295,,Retail
218973019,"Best Buy",purchase,2013-09-15,"Status Indicator Sm",203,,Retail
218973019,"Best Buy",purchase,2014-01-15,"Status Indicator Sm",203,,Retail
218973019,"Best Buy",purchase,2013-09-15,"Status Indicator Sm",203,,Retail
218973019,"Best Buy",purchase,2013-09-15,"Status Indicator Sm",203,,Retail
218973019,"Best Buy",purchase,2013-09-15,"Status Indicator Sm",203,,Retail
218973019,"Best Buy",purchase,2013-09-15,"Status Indicator Sm",203,,Retail
218973019,"Best Buy",purchase,2013-09-15,"Status Indicator Sm",203,,Retail
222626845,"Best Buy",purchase,2013-11-01,"Status Indicator Md",295,,Retail
223169277,"Best Buy",purchase,2013-12-03,"Status Indicator Md",295,,Retail
223442517,"Best Buy",purchase,2013-12-19,"Status Indicator Md",295,,Retail
223112605,"Best Buy",purchase,2013-09-17,"Status Indicator Sm",203,,Retail
221918951,"Best Buy",purchase,2013-01-03,"Status Indicator Lg",397,,Retail
222961817,"Best Buy",purchase,2013-11-08,"Status Indicator Sm",203,,Retail
223037717,"Best Buy",purchase,2013-11-27,"Status Indicator Sm",203,,Retail
223481479,"Best Buy",purchase,2013-09-17,"Status Indicator Sm",203,,Retail
223167759,"Best Buy",purchase,2013-11-06,"Status Indicator Sm",203,,Retail
222125905,"Best Buy",purchase,2013-02-25,"Status Indicator Md",295,,Retail
223275537,"Best Buy",purchase,2013-11-07,"Status Indicator Lg",397,,Retail
223275537,"Best Buy",purchase,2013-11-14,"Status Indicator Lg",397,,Retail
220299751,"Best Buy",purchase,2013-11-15,"Status Indicator Md",295,,Retail
223316017,"Best Buy",purchase,2013-12-18,"Status Indicator Sm",203,,Retail
223316017,"Best Buy",purchase,2013-11-08,"Status Indicator Lg",397,,Retail
223452637,"Best Buy",purchase,2013-11-04,"Status Indicator Lg",397,,Retail
223452637,"Best Buy",purchase,2014-03-04,"Status Indicator Sm",203,,Retail
223704625,"Best Buy",purchase,2013-08-23,"Status Indicator Lg",397,,Retail
223179397,"Best Buy",purchase,2013-11-12,"Status Indicator Sm",203,,Retail
223179397,"Best Buy",purchase,2013-11-12,"Status Indicator Sm",203,,Retail
223735997,"Best Buy",purchase,2014-01-29,"Status Indicator Sm",203,,Retail
223735997,"Best Buy",purchase,2014-02-19,"Status Indicator Sm",203,,Retail
222905145,"Best Buy",purchase,2013-10-23,"Status Indicator Lg",397,,Retail
222905145,"Best Buy",purchase,2013-10-23,"Status Indicator Lg",397,,Retail
222905145,"Best Buy",purchase,2013-10-23,"Status Indicator Lg",397,,Retail
221382085,"Best Buy",purchase,2013-09-17,"Status Indicator Sm",203,,Retail
223396977,"Best Buy",purchase,2013-12-21,"Status Indicator Sm",203,,Retail
223396977,"Best Buy",purchase,2013-11-12,"Status Indicator Sm",203,,Retail
223016465,"Best Buy",purchase,2013-11-15,"Status Indicator Lg",397,,Retail
223016465,"Best Buy",purchase,2013-09-18,"Status Indicator Sm",203,,Retail
222207371,"Best Buy",purchase,2013-05-28,"Status Indicator Lg",397,,Retail
221853171,"Best Buy",purchase,2013-01-03,"Status Indicator Lg",397,,Retail
222642531,"Best Buy",purchase,2013-11-20,"Status Indicator Md",295,,Retail
223608485,"Best Buy",purchase,2014-01-30,"Status Indicator Sm",203,,Retail
222156771,"Best Buy",purchase,2013-03-06,"Status Indicator Md",295,,Retail
222156771,"Best Buy",purchase,2013-03-13,"Status Indicator Lg",397,,Retail
223958637,"Best Buy",purchase,2014-02-19,"Status Indicator Sm",203,,Retail
223958637,"Best Buy",purchase,2014-02-12,"Status Indicator Sm",203,,Retail
223776983,"Best Buy",purchase,2014-02-05,"Status Indicator Md",295,,Retail
223807343,"Best Buy",purchase,2013-11-15,"Status Indicator Lg",397,,Retail
221762091,"Best Buy",purchase,2013-05-21,"Status Indicator Md",295,,Retail
221615351,"Best Buy",purchase,2013-11-12,"Status Indicator Sm",203,,Retail
223118171,"Best Buy",purchase,2013-12-04,"Status Indicator Sm",203,,Retail
222607111,"Best Buy",purchase,2013-08-20,"Status Indicator Lg",397,,Retail
223092871,"Best Buy",purchase,2013-11-12,"Status Indicator Md",295,,Retail
223279079,"Best Buy",purchase,2013-11-27,"Status Indicator Sm",203,,Retail
221928565,"Best Buy",purchase,2013-01-03,"Status Indicator Lg",397,,Retail
222034825,"Best Buy",purchase,2013-04-15,"Status Indicator Md",295,,Retail
222930951,"Best Buy",purchase,2013-05-22,"Status Indicator Md",295,,Retail
223016971,"Best Buy",purchase,2014-02-07,"Status Indicator Md",295,,Retail
222247851,"Best Buy",purchase,2013-05-21,"Status Indicator Lg",397,,Retail
223127785,"Best Buy",purchase,2013-02-15,"Status Indicator Lg",397,,Retail
223142965,"Best Buy",purchase,2013-12-04,"Status Indicator Sm",203,,Retail
222718431,"Best Buy",purchase,2013-09-15,"Status Indicator Sm",203,,Retail
222627351,"Best Buy",purchase,2013-11-06,"Status Indicator Md",295,,Retail
222718431,"Best Buy",purchase,2013-09-24,"Status Indicator Lg",397,,Retail
222718431,"Best Buy",purchase,2013-09-24,"Status Indicator Lg",397,,Retail
222334377,"Best Buy",purchase,2013-06-12,"Status Indicator Lg",397,,Retail
221979671,"Best Buy",purchase,2013-04-10,"Status Indicator Md",295,,Retail
222368785,"Best Buy",purchase,2013-05-29,"Status Indicator Lg",397,,Retail
223290717,"Best Buy",purchase,2013-09-21,"Status Indicator Md",295,,Retail
222368785,"Best Buy",purchase,2013-05-29,"Status Indicator Lg",397,,Retail
223416205,"Best Buy",purchase,2013-11-15,"Status Indicator Lg",397,,Retail
223274019,"Best Buy",purchase,2013-11-20,"Status Indicator Md",295,,Retail
223638845,"Best Buy",purchase,2013-12-21,"Status Indicator Md",295,,Retail
223638845,"Best Buy",purchase,2014-01-20,"Status Indicator Sm",203,,Retail
222586871,"Best Buy",purchase,2013-08-28,"Status Indicator Lg",397,,Retail
223537139,"Best Buy",purchase,2013-07-10,"Status Indicator Lg",397,,Retail
222247851,"Best Buy",purchase,2013-05-15,"Status Indicator Lg",397,,Retail
221964997,"Best Buy",purchase,2013-09-23,"Status Indicator Sm",203,,Retail
222606605,"Best Buy",purchase,2013-06-25,"Status Indicator Md",295,,Retail
223942445,"Best Buy",purchase,2014-02-27,"Status Indicator Sm",203,,Retail
223168771,"Best Buy",purchase,2013-11-21,"Status Indicator Lg",397,,Retail
223305391,"Best Buy",purchase,2013-11-20,"Status Indicator Lg",397,,Retail
223000779,"Best Buy",purchase,2013-11-22,"Status Indicator Sm",203,,Retail
224539525,"Best Buy",purchase,2013-11-12,"Status Indicator Lg",397,,Retail
222500851,"Best Buy",purchase,2013-07-24,"Status Indicator Md",295,,Retail
223370665,"Best Buy",purchase,2013-11-13,"Status Indicator Sm",203,,Retail
221893145,"Best Buy",purchase,2013-01-02,"Status Indicator Lg",397,,Retail
222885411,"Best Buy",purchase,2013-04-11,"Status Indicator Md",295,,Retail
223836185,"Best Buy",purchase,2014-01-31,"Status Indicator Sm",203,,Retail
222626845,"Best Buy",purchase,2013-11-01,"Status Indicator Md",295,,Retail
222875797,"Best Buy",purchase,2013-06-25,"Status Indicator Lg",397,,Retail
221827871,"Best Buy",purchase,2013-01-23,"Status Indicator Md",295,,Retail
222207877,"Best Buy",purchase,2013-05-10,"Status Indicator Md",295,,Retail
222207877,"Best Buy",purchase,2013-05-10,"Status Indicator Md",295,,Retail
222076317,"Best Buy",purchase,2013-04-10,"Status Indicator Md",295,,Retail
223152579,"Best Buy",purchase,2013-12-03,"Status Indicator Sm",203,,Retail
223163711,"Best Buy",purchase,2013-11-14,"Status Indicator Sm",203,,Retail
222562077,"Best Buy",purchase,2013-07-02,"Status Indicator Lg",397,,Retail
221964997,"Best Buy",purchase,2013-09-23,"Status Indicator Sm",203,,Retail
222223057,"Best Buy",purchase,2013-12-26,"Status Indicator Sm",203,,Retail
222258477,"Best Buy",purchase,2013-05-29,"Status Indicator Md",295,,Retail
224175205,"Best Buy",purchase,2013-11-18,"Status Indicator Md",295,,Retail
222632917,"Best Buy",purchase,2013-02-11,"Status Indicator Md",295,,Retail
222632917,"Best Buy",purchase,2013-09-17,"Status Indicator Sm",203,,Retail
223482491,"Best Buy",purchase,2013-09-15,"Status Indicator Sm",203,,Retail
223836185,"Best Buy",purchase,2014-02-13,"Status Indicator Sm",203,,Retail
222991671,"Best Buy",purchase,2013-11-25,"Status Indicator Lg",397,,Retail
223117665,"Best Buy",purchase,2013-11-01,"Status Indicator Md",295,,Retail
222916277,"Best Buy",purchase,2013-11-08,"Status Indicator Sm",203,,Retail
222915771,"Best Buy",purchase,2013-09-17,"Status Indicator Sm",203,,Retail
222885411,"Best Buy",purchase,2013-09-18,"Status Indicator Sm",203,,Retail
220916059,"Best Buy",purchase,2013-11-12,"Status Indicator Lg",397,,Retail
220916059,"Best Buy",purchase,2013-11-04,"Status Indicator Lg",397,,Retail
223355991,"Best Buy",purchase,2013-11-08,"Status Indicator Sm",203,,Retail
222789271,"Best Buy",purchase,2013-08-28,"Status Indicator Lg",397,,Retail
222424445,"Best Buy",purchase,2013-07-02,"Status Indicator Lg",397,,Retail
225523189,"Best Buy",purchase,2014-09-19,Alarm,699,,Retail
225523189,"Best Buy",purchase,2014-11-14,"Status Indicator Sm",203,,Retail
225523189,"Best Buy",purchase,2014-11-14,"Status Indicator Sm",203,,Retail
221887073,"Best Buy",purchase,2013-11-14,"Status Indicator Lg",397,,Retail
221887073,"Best Buy",purchase,2013-02-21,"Status Indicator Lg",397,,Retail
222125399,"Best Buy",purchase,2014-08-14,"Status Indicator Md",295,,Retail
225392641,"Best Buy",purchase,2013-09-17,"Status Indicator Sm",203,,Retail
225392641,"Best Buy",purchase,2013-10-02,"Status Indicator Md",295,,Retail
225392641,"Best Buy",purchase,2013-09-17,"Status Indicator Sm",203,,Retail
222084413,"Best Buy",purchase,2013-04-24,"Status Indicator Md",295,,Retail
221887073,"Best Buy",purchase,2013-02-21,"Status Indicator Md",295,,Retail
222084413,"Best Buy",purchase,2014-02-12,"Status Indicator Md",295,,Retail
225392641,"Best Buy",purchase,2013-10-02,"Status Indicator Md",295,,Retail
225542923,"Best Buy",purchase,2014-11-04,"Status Indicator Sm",203,,Retail
225542417,"Best Buy",purchase,2014-11-21,"Status Indicator Sm",203,,Retail
225542417,"Best Buy",purchase,2014-11-14,"Status Indicator Sm",203,,Retail
222800909,"Best Buy",purchase,2014-09-25,"Launch Button",699,,Retail
222800909,"Best Buy",purchase,2014-11-04,"Status Indicator Sm",203,,Retail
222800909,"Best Buy",purchase,2014-11-04,"Status Indicator Sm",203,,Retail
221527813,"Best Buy",purchase,2013-11-06,"Status Indicator Sm",203,,Retail
220069521,"Best Buy",purchase,2013-11-11,"Status Indicator Sm",203,,Retail
219898493,"Best Buy",purchase,2014-01-29,"Status Indicator Sm",203,,Retail
221912373,"Best Buy",purchase,2013-07-10,"Status Indicator Md",295,,Retail
225558609,"Best Buy",purchase,2014-09-11,"Signal Amplifier",98,,Retail
225558609,"Best Buy",purchase,2014-09-25,"Launch Button",699,,Retail
225558609,"Best Buy",purchase,2014-07-10,"Status Indicator Sm",203,,Retail
225558609,"Best Buy",purchase,2014-05-15,"Status Indicator Sm",203,,Retail
225190241,"Best Buy",purchase,2013-06-17,"Status Indicator Md",295,,Retail
225571765,"Best Buy",purchase,2014-10-22,"Launch Button",699,,Retail
222084413,"Best Buy",purchase,2013-11-06,"Status Indicator Sm",203,,Retail
225574801,"Best Buy",purchase,2014-11-14,"Signal Amplifier",98,,Retail
225574801,"Best Buy",purchase,2014-04-03,"Status Indicator Md",295,,Retail
225574801,"Best Buy",purchase,2014-05-14,"Status Indicator Lg",397,,Retail
220176793,"Best Buy",purchase,2014-01-20,"Status Indicator Sm",203,,Retail
223256815,"Best Buy",purchase,2014-10-22,"Status Indicator Sm",203,,Retail
223050367,"Best Buy",purchase,2014-11-04,"Status Indicator Sm",203,,Retail
222064679,"Best Buy",purchase,2013-10-17,"Status Indicator Lg",397,,Retail
222054053,"Best Buy",purchase,2013-02-21,"Status Indicator Md",295,,Retail
222322739,"Best Buy",purchase,2013-05-13,"Status Indicator Lg",397,,Retail
221912373,"Best Buy",purchase,2013-07-02,"Status Indicator Md",295,,Retail
225582391,"Best Buy",purchase,2014-11-21,"Status Indicator Lg",397,,Retail
225582391,"Best Buy",purchase,2014-10-28,Dashboard,344,,Retail
225582391,"Best Buy",purchase,2014-06-05,"Status Indicator Lg",397,,Retail
222322739,"Best Buy",purchase,2013-04-22,"Status Indicator Md",295,,Retail
222145639,"Best Buy",purchase,2013-05-10,"Status Indicator Md",295,,Retail
222393579,"Best Buy",purchase,2013-06-26,"Status Indicator Md",295,,Retail
222024199,"Best Buy",purchase,2013-03-28,"Status Indicator Md",295,,Retail
222014079,"Best Buy",purchase,2013-03-13,"Status Indicator Lg",397,,Retail
222014079,"Best Buy",purchase,2013-01-22,"Status Indicator Md",295,,Retail
222631399,"Best Buy",purchase,2013-04-24,"Status Indicator Md",295,,Retail
222631399,"Best Buy",purchase,2013-04-19,"Status Indicator Md",295,,Retail
222631399,"Best Buy",purchase,2013-04-19,"Status Indicator Md",295,,Retail
222322739,"Best Buy",purchase,2013-05-13,"Status Indicator Lg",397,,Retail
223471865,"Best Buy",purchase,2013-10-01,"Status Indicator Md",295,,Retail
222024199,"Best Buy",purchase,2013-09-26,"Status Indicator Lg",397,,Retail
222631399,"Best Buy",purchase,2013-04-10,"Status Indicator Md",295,,Retail
222631399,"Best Buy",purchase,2013-09-12,"Status Indicator Md",295,,Retail
222428999,"Best Buy",purchase,2013-12-03,"Status Indicator Sm",203,,Retail
222004465,"Best Buy",purchase,2013-02-27,"Status Indicator Md",295,,Retail
223694505,"Best Buy",purchase,2013-09-17,"Status Indicator Sm",203,,Retail
222783199,"Best Buy",purchase,2013-09-26,"Status Indicator Lg",397,,Retail
222783199,"Best Buy",purchase,2013-09-03,"Status Indicator Lg",397,,Retail
223486539,"Best Buy",purchase,2013-12-04,"Status Indicator Md",295,,Retail
222024199,"Best Buy",purchase,2013-03-28,"Status Indicator Md",295,,Retail
223842763,"Best Buy",purchase,2013-12-16,"Status Indicator Md",295,,Retail
222150699,"Best Buy",purchase,2013-04-29,"Status Indicator Lg",397,,Retail
224082607,"Best Buy",purchase,2013-11-01,"Status Indicator Lg",397,,Retail
221573859,"Best Buy",purchase,2013-01-25,"Status Indicator Md",295,,Retail
222479599,"Best Buy",purchase,2013-07-17,"Status Indicator Md",295,,Retail
222378905,"Best Buy",purchase,2013-06-19,"Status Indicator Md",295,,Retail
222631399,"Best Buy",purchase,2013-07-24,"Status Indicator Lg",397,,Retail
222631399,"Best Buy",purchase,2013-04-19,"Status Indicator Md",295,,Retail
223101979,"Best Buy",purchase,2013-11-08,"Status Indicator Lg",397,,Retail
223000779,"Best Buy",purchase,2013-11-22,"Status Indicator Sm",203,,Retail
222206359,"Best Buy",purchase,2013-05-01,"Status Indicator Lg",397,,Retail
222206359,"Best Buy",purchase,2013-05-29,"Status Indicator Lg",397,,Retail
223410639,"Best Buy",purchase,2013-12-18,"Status Indicator Sm",203,,Retail
223693999,"Best Buy",purchase,2013-09-23,"Status Indicator Sm",203,,Retail
222170939,"Best Buy",purchase,2013-04-10,"Status Indicator Md",295,,Retail
223101979,"Best Buy",purchase,2013-11-22,"Status Indicator Lg",397,,Retail
221573859,"Best Buy",purchase,2013-09-23,"Status Indicator Sm",203,,Retail
223759779,"Best Buy",purchase,2013-11-25,"Status Indicator Lg",397,,Retail
222479599,"Best Buy",purchase,2013-07-31,"Status Indicator Lg",397,,Retail
223557379,"Best Buy",purchase,2013-12-26,"Status Indicator Md",295,,Retail
223769899,"Best Buy",purchase,2013-11-27,"Status Indicator Sm",203,,Retail
225617305,"Best Buy",purchase,2014-11-14,"Status Indicator Lg",397,,Retail
222970419,"Best Buy",purchase,2013-11-08,"Status Indicator Sm",203,,Retail
223734479,"Best Buy",purchase,2013-11-27,"Status Indicator Lg",397,,Retail
223734479,"Best Buy",purchase,2013-11-01,"Status Indicator Md",295,,Retail
224594679,"Best Buy",purchase,2014-02-14,"Status Indicator Sm",203,,Retail
223066559,"Best Buy",purchase,2014-02-13,"Status Indicator Md",295,,Retail
223769899,"Best Buy",purchase,2014-02-13,"Status Indicator Sm",203,,Retail
224033019,"Best Buy",purchase,2013-11-14,"Status Indicator Lg",397,,Retail
223759779,"Best Buy",purchase,2013-11-12,"Status Indicator Md",295,,Retail
223471865,"Best Buy",purchase,2013-06-19,"Status Indicator Lg",397,,Retail
222004465,"Best Buy",purchase,2013-03-20,"Status Indicator Md",295,,Retail
223931819,"Best Buy",purchase,2013-11-08,"Status Indicator Md",295,,Retail
225571765,"Best Buy",purchase,2014-11-14,Alarm,699,,Retail
222322739,"Best Buy",purchase,2014-11-14,"Status Indicator Md",295,,Retail
222322739,"Best Buy",purchase,2014-11-21,Alarm,699,,Retail
222322739,"Best Buy",purchase,2014-10-28,"Launch Button",699,,Retail
225673977,"Best Buy",purchase,2014-11-04,"Status Indicator Lg",397,,Retail
223734479,"Best Buy",purchase,2014-01-16,"Status Indicator Sm",203,,Retail
223941939,"Best Buy",purchase,2014-02-20,"Status Indicator Sm",203,,Retail
225278285,"Best Buy",purchase,2013-08-01,"Status Indicator Lg",397,,Retail
225727613,"Best Buy",purchase,2014-11-21,"Signal Amplifier",98,,Retail
225727613,"Best Buy",purchase,2014-11-21,Alarm,699,,Retail
225727613,"Best Buy",purchase,2014-10-22,"Launch Button",699,,Retail
223000779,"Best Buy",purchase,2013-11-27,"Status Indicator Sm",203,,Retail
223198119,"Best Buy",purchase,2013-10-30,"Status Indicator Md",295,,Retail
223557379,"Best Buy",purchase,2013-12-26,"Status Indicator Md",295,,Retail
224857799,"Best Buy",purchase,2013-11-13,"Status Indicator Sm",203,,Retail
221520223,"Best Buy",purchase,2014-10-22,"Dashboard + Monitor",502,,Retail
225740769,"Best Buy",purchase,2014-10-28,"Status Indicator Sm",203,,Retail
225852595,"Best Buy",purchase,2014-11-21,"Status Indicator Lg",397,,Retail
224068439,"Best Buy",purchase,2014-08-14,"Status Indicator Sm",203,,Retail
223182939,"Best Buy",purchase,2013-07-29,"Status Indicator Md",295,,Retail
224685759,"Best Buy",purchase,2014-01-09,"Status Indicator Md",295,,Retail
223819993,"Best Buy",purchase,2014-11-14,"Status Indicator Md",295,,Retail
223819993,"Best Buy",purchase,2014-12-01,"Status Indicator Md",295,,Retail
225646147,"Best Buy",purchase,2014-11-21,"Signal Amplifier",98,,Retail
225619329,"Best Buy",purchase,2014-10-28,"Status Indicator Sm",203,,Retail
225619329,"Best Buy",purchase,2014-08-28,"Status Indicator Sm",203,,Retail
225597571,"Best Buy",purchase,2014-11-04,"Launch Button",699,,Retail
225597571,"Best Buy",purchase,2014-11-04,Alarm,699,,Retail
222945119,"Best Buy",purchase,2013-10-24,"Status Indicator Md",295,,Retail
223405579,"Best Buy",purchase,2013-10-08,"Status Indicator Lg",397,,Retail
223769899,"Best Buy",purchase,2013-11-14,"Status Indicator Lg",397,,Retail
224594679,"Best Buy",purchase,2014-01-31,"Status Indicator Sm",203,,Retail
224594679,"Best Buy",purchase,2014-02-14,"Status Indicator Sm",203,,Retail
224812259,"Best Buy",purchase,2013-05-21,"Status Indicator Md",295,,Retail
224562801,"Best Buy",purchase,2014-10-28,"Signal Amplifier",98,,Retail
224562801,"Best Buy",purchase,2014-12-01,Alarm,699,,Retail
224562801,"Best Buy",purchase,2014-10-28,"Launch Button",699,,Retail
224562801,"Best Buy",purchase,2014-11-04,"Status Indicator Sm",203,,Retail
225927483,"Best Buy",purchase,2014-10-22,"Status Indicator Sm",203,,Retail
225269683,"Best Buy",purchase,2014-10-10,"Status Indicator Md",295,,Retail
222809511,"Best Buy",purchase,2014-10-28,"Launch Button",699,,Retail
225491311,"Best Buy",purchase,2014-12-08,"Signal Amplifier",98,,Retail
225491311,"Best Buy",purchase,2014-11-21,Alarm,699,,Retail
225491311,"Best Buy",purchase,2014-10-28,"Status Indicator Sm",203,,Retail
225491311,"Best Buy",purchase,2014-12-01,"Status Indicator Sm",203,,Retail
225660821,"Best Buy",purchase,2014-10-22,"Status Indicator Sm",203,,Retail
225660821,"Best Buy",purchase,2014-10-28,"Status Indicator Sm",203,,Retail
225660821,"Best Buy",purchase,2014-10-28,"Status Indicator Sm",203,,Retail
224777345,"Best Buy",purchase,2014-10-22,"Status Indicator Sm",203,,Retail
224777345,"Best Buy",purchase,2014-10-28,Dashboard,344,,Retail
223759779,"Best Buy",purchase,2013-11-12,"Status Indicator Md",295,,Retail
224103859,"Best Buy",purchase,2014-02-20,"Status Indicator Sm",203,,Retail
224685759,"Best Buy",purchase,2014-02-21,"Status Indicator Sm",203,,Retail
225620847,"Best Buy",purchase,2014-11-21,"Status Indicator Sm",203,,Retail
225620847,"Best Buy",purchase,2014-11-21,"Status Indicator Sm",203,,Retail
225772141,"Best Buy",purchase,2014-09-19,"Status Indicator Sm",203,,Retail
225838933,"Best Buy",purchase,2014-04-17,"Status Indicator Lg",397,,Retail
225872835,"Best Buy",purchase,2014-08-08,"Status Indicator Sm",203,,Retail
225909267,"Best Buy",purchase,2014-10-22,"Signal Amplifier",98,,Retail
225909267,"Best Buy",purchase,2014-11-21,"Status Indicator Md",295,,Retail
225909267,"Best Buy",purchase,2014-11-21,"Status Indicator Md",295,,Retail
224554705,"Best Buy",purchase,2014-10-02,"Status Indicator Sm",203,,Retail
225064247,"Best Buy",purchase,2014-10-02,"Status Indicator Lg",397,,Retail
225064247,"Best Buy",purchase,2014-11-21,"Status Indicator Sm",203,,Retail
225064247,"Best Buy",purchase,2014-11-21,"Status Indicator Sm",203,,Retail
225607185,"Best Buy",purchase,2014-10-28,"Status Indicator Lg",397,,Retail
223734479,"Best Buy",purchase,2013-11-07,"Status Indicator Lg",397,,Retail
223734479,"Best Buy",purchase,2014-01-16,"Status Indicator Sm",203,,Retail
224341679,"Best Buy",purchase,2013-12-18,"Status Indicator Md",295,,Retail
225736215,"Best Buy",purchase,2014-10-02,"Status Indicator Sm",203,,Retail
223305391,"Best Buy",purchase,2014-11-21,"Status Indicator Sm",203,,Retail
224496009,"Best Buy",purchase,2014-10-17,"Status Indicator Md",295,,Retail
225842475,"Best Buy",purchase,2014-11-04,"Status Indicator Sm",203,,Retail
225842475,"Best Buy",purchase,2014-10-02,"Status Indicator Sm",203,,Retail
218600097,"Best Buy",purchase,2014-10-28,Dashboard,344,,Retail
225662339,"Best Buy",purchase,2014-09-11,"Signal Amplifier",98,,Retail
225662339,"Best Buy",purchase,2014-11-14,Alarm,699,,Retail
225662339,"Best Buy",purchase,2014-11-21,"Launch Button",699,,Retail
225671953,"Best Buy",purchase,2014-08-22,"Dashboard + Monitor",502,,Retail
225671953,"Best Buy",purchase,2014-09-05,Dashboard,344,,Retail
225949241,"Best Buy",purchase,2014-05-29,"Status Indicator Lg",397,,Retail
225949241,"Best Buy",purchase,2014-10-17,"Status Indicator Lg",397,,Retail
225951771,"Best Buy",purchase,2014-11-14,"Status Indicator Sm",203,,Retail
225975553,"Best Buy",purchase,2014-11-04,"Signal Amplifier",98,,Retail
225975553,"Best Buy",purchase,2014-12-08,Alarm,699,,Retail
225975553,"Best Buy",purchase,2014-11-04,"Launch Button",699,,Retail
226016033,"Best Buy",purchase,2014-11-14,"Status Indicator Sm",203,,Retail
223871605,"Best Buy",purchase,2014-01-29,"Status Indicator Sm",203,,Retail
224291585,"Best Buy",purchase,2013-11-25,"Status Indicator Lg",397,,Retail
220916059,"Best Buy",purchase,2014-11-21,"Status Indicator Sm",203,,Retail
220916059,"Best Buy",purchase,2014-11-21,"Status Indicator Sm",203,,Retail
220916059,"Best Buy",purchase,2014-10-28,"Status Indicator Sm",203,,Retail
220916059,"Best Buy",purchase,2014-10-28,"Status Indicator Sm",203,,Retail
225542417,"Best Buy",purchase,2014-11-14,"Status Indicator Sm",203,,Retail
225542417,"Best Buy",purchase,2014-11-21,Alarm,699,,Retail
225363293,"Best Buy",purchase,2014-10-28,"Launch Button",699,,Retail
225671447,"Best Buy",purchase,2014-10-02,"Status Indicator Sm",203,,Retail
223266935,"Best Buy",purchase,2014-10-28,"Status Indicator Sm",203,,Retail
225906737,"Best Buy",purchase,2014-07-03,"Status Indicator Sm",203,,Retail
225927989,"Best Buy",purchase,2014-10-17,"Signal Amplifier",98,,Retail
225883967,"Best Buy",purchase,2014-11-14,"Status Indicator Md",295,,Retail
225950253,"Best Buy",purchase,2014-10-10,"Signal Amplifier",98,,Retail
225950253,"Best Buy",purchase,2014-11-21,"Status Indicator Sm",203,,Retail
225703831,"Best Buy",purchase,2014-04-25,"Status Indicator Sm",203,,Retail
225703831,"Best Buy",purchase,2014-08-14,Alarm,699,,Retail
225703831,"Best Buy",purchase,2014-08-08,"Launch Button",699,,Retail
225703831,"Best Buy",purchase,2014-07-03,"Status Indicator Sm",203,,Retail
226084849,"Best Buy",purchase,2014-10-28,"Launch Button",699,,Retail
226084849,"Best Buy",purchase,2014-08-14,Alarm,699,,Retail
225951771,"Best Buy",purchase,2014-11-14,"Status Indicator Sm",203,,Retail
226084849,"Best Buy",purchase,2014-10-28,"Signal Amplifier",98,,Retail
225671953,"Best Buy",purchase,2014-10-02,Dashboard,344,,Retail
225752407,"Best Buy",purchase,2014-10-28,"Status Indicator Lg",397,,Retail
226007431,"Best Buy",purchase,2014-10-02,"Launch Button",699,,Retail
226007431,"Best Buy",purchase,2014-12-01,"Status Indicator Sm",203,,Retail
226007431,"Best Buy",purchase,2014-12-01,"Status Indicator Sm",203,,Retail
226007431,"Best Buy",purchase,2014-12-08,"Status Indicator Sm",203,,Retail
226032731,"Best Buy",purchase,2014-10-28,Alarm,699,,Retail
226032731,"Best Buy",purchase,2014-11-04,"Launch Button",699,,Retail
226035261,"Best Buy",purchase,2014-11-21,"Launch Button",699,,Retail
226062585,"Best Buy",purchase,2014-11-14,"Launch Button",699,,Retail
226094969,"Best Buy",purchase,2014-10-17,"Status Indicator Sm",203,,Retail
223769899,"Best Buy",purchase,2014-11-21,"Status Indicator Sm",203,,Retail
221711491,"Best Buy",purchase,2014-10-28,"Status Indicator Sm",203,,Retail
226235637,"Best Buy",purchase,2014-12-01,"Signal Amplifier",98,,Retail
226235637,"Best Buy",purchase,2014-10-02,"Status Indicator Sm",203,,Retail
226235637,"Best Buy",purchase,2014-12-01,"Status Indicator Md",295,,Retail
222371315,"Best Buy",purchase,2014-09-19,"Status Indicator Md",295,,Retail
225632485,"Best Buy",purchase,2014-06-13,"Status Indicator Sm",203,,Retail
224802645,"Best Buy",purchase,2014-10-22,"Status Indicator Sm",203,,Retail
219671805,"Best Buy",purchase,2014-11-14,"Status Indicator Sm",203,,Retail
223973311,"Best Buy",purchase,2014-11-14,"Launch Button",699,,Retail
225586439,"Best Buy",purchase,2014-11-05,"Status Indicator Sm",203,,Retail
224952421,"Best Buy",purchase,2014-06-25,"Status Indicator Md",295,,Retail
225585933,"Best Buy",purchase,2014-11-05,"Status Indicator Sm",203,,Retail
221520223,"Best Buy",purchase,2014-09-05,"Status Indicator Sm",203,,Retail
225690169,"Best Buy",purchase,2014-10-10,Dashboard,344,,Retail
225769105,"Best Buy",purchase,2014-10-17,"Signal Amplifier",98,,Retail
225769105,"Best Buy",purchase,2014-10-17,Alarm,699,,Retail
225769105,"Best Buy",purchase,2014-10-17,"Launch Button",699,,Retail
225769105,"Best Buy",purchase,2014-10-10,"Status Indicator Sm",203,,Retail
225769105,"Best Buy",purchase,2014-10-10,"Status Indicator Sm",203,,Retail
225778213,"Best Buy",purchase,2014-11-21,"Status Indicator Lg",397,,Retail
225778213,"Best Buy",purchase,2014-10-22,"Status Indicator Sm",203,,Retail
225778213,"Best Buy",purchase,2014-12-01,"Status Indicator Md",295,,Retail
225860185,"Best Buy",purchase,2014-11-04,"Status Indicator Lg",397,,Retail
225860185,"Best Buy",purchase,2014-08-14,"Status Indicator Sm",203,,Retail
225952277,"Best Buy",purchase,2014-10-28,"Status Indicator Sm",203,,Retail
223207733,"Best Buy",purchase,2014-10-17,"Status Indicator Md",295,,Retail
225684603,"Best Buy",purchase,2014-10-10,"Status Indicator Md",295,,Retail
223761297,"Best Buy",purchase,2014-11-21,"Status Indicator Sm",203,,Retail
225882449,"Best Buy",purchase,2014-07-10,"Status Indicator Md",295,,Retail
225882449,"Best Buy",purchase,2014-10-22,"Status Indicator Md",295,,Retail
225882449,"Best Buy",purchase,2014-11-04,Alarm,699,,Retail
225778213,"Best Buy",purchase,2014-11-14,"Status Indicator Md",295,,Retail
220882157,"Best Buy",purchase,2014-11-14,"Status Indicator Lg",397,,Retail
225882449,"Best Buy",purchase,2014-10-28,"Signal Amplifier",98,,Retail
225983649,"Best Buy",purchase,2014-10-22,"Signal Amplifier",98,,Retail
226056513,"Best Buy",purchase,2014-10-22,"Status Indicator Sm",203,,Retail
218960875,"Best Buy",purchase,2014-10-10,"Signal Amplifier",98,,Retail
225778213,"Best Buy",purchase,2014-10-22,"Status Indicator Sm",203,,Retail
223916133,"Best Buy",purchase,2014-10-28,"Status Indicator Sm",203,,Retail
224143327,"Best Buy",purchase,2014-08-28,"Status Indicator Lg",397,,Retail
226093957,"Best Buy",purchase,2014-10-28,"Status Indicator Sm",203,,Retail
226112679,"Best Buy",purchase,2014-10-28,"Signal Amplifier",98,,Retail
226112679,"Best Buy",purchase,2014-10-22,"Status Indicator Sm",203,,Retail
226112679,"Best Buy",purchase,2014-11-04,"Status Indicator Sm",203,,Retail
224562801,"Best Buy",purchase,2014-10-28,"Dashboard + Monitor",502,,Retail
224790501,"Best Buy",purchase,2014-12-08,"Status Indicator Sm",203,,Retail
222829245,"Best Buy",purchase,2014-10-22,"Status Indicator Md",295,,Retail
225839439,"Best Buy",purchase,2014-11-21,"Status Indicator Lg",397,,Retail
225875365,"Best Buy",purchase,2014-11-14,Dashboard,344,,Retail
225880425,"Best Buy",purchase,2014-12-01,Alarm,699,,Retail
225880425,"Best Buy",purchase,2014-11-21,"Launch Button",699,,Retail
225880425,"Best Buy",purchase,2014-10-22,"Status Indicator Sm",203,,Retail
225880425,"Best Buy",purchase,2014-11-04,"Status Indicator Sm",203,,Retail
225875365,"Best Buy",purchase,2014-10-17,"Status Indicator Lg",397,,Retail
225923941,"Best Buy",purchase,2014-10-28,"Signal Amplifier",98,,Retail
225923941,"Best Buy",purchase,2014-10-28,"Launch Button",699,,Retail
225923941,"Best Buy",purchase,2014-11-14,"Status Indicator Sm",203,,Retail
225672965,"Best Buy",purchase,2014-11-21,"Launch Button",699,,Retail
225672965,"Best Buy",purchase,2014-10-28,"Status Indicator Sm",203,,Retail
225647159,"Best Buy",purchase,2014-10-22,"Status Indicator Sm",203,,Retail
224045669,"Best Buy",purchase,2014-10-28,"Status Indicator Md",295,,Retail
224284501,"Best Buy",purchase,2014-11-21,"Status Indicator Lg",397,,Retail
225685109,"Best Buy",purchase,2014-04-03,"Status Indicator Md",295,,Retail
225687639,"Best Buy",purchase,2014-10-02,Alarm,699,,Retail
225687639,"Best Buy",purchase,2014-11-21,"Launch Button",699,,Retail
224397845,"Best Buy",purchase,2014-11-14,"Status Indicator Md",295,,Retail
225729637,"Best Buy",purchase,2014-09-11,"Signal Amplifier",98,,Retail
225952277,"Best Buy",purchase,2014-10-22,"Status Indicator Md",295,,Retail
219138987,"Best Buy",purchase,2014-04-17,"Status Indicator Sm",203,,Retail
226054489,"Best Buy",purchase,2014-09-05,"Status Indicator Lg",397,,Retail
226056007,"Best Buy",purchase,2014-08-22,"Status Indicator Sm",203,,Retail
226056007,"Best Buy",purchase,2014-10-17,"Status Indicator Sm",203,,Retail
224289561,"Best Buy",purchase,2014-10-28,"Status Indicator Sm",203,,Retail
224998973,"Best Buy",purchase,2014-10-28,"Status Indicator Sm",203,,Retail
224853751,"Best Buy",purchase,2014-11-21,"Launch Button",699,,Retail
220060919,"Best Buy",purchase,2014-10-28,"Dashboard + Monitor",502,,Retail
226178459,"Best Buy",purchase,2014-10-22,"Status Indicator Md",295,,Retail
226178459,"Best Buy",purchase,2014-10-22,"Status Indicator Sm",203,,Retail
224723203,"Best Buy",purchase,2014-10-17,"Signal Amplifier",98,,Retail
222322739,"Best Buy",purchase,2014-11-21,"Status Indicator Md",295,,Retail
226168339,"Best Buy",purchase,2014-10-17,"Launch Button",699,,Retail
226168339,"Best Buy",purchase,2014-11-21,"Status Indicator Lg",397,,Retail
226168339,"Best Buy",purchase,2014-10-10,"Status Indicator Md",295,,Retail
226175423,"Best Buy",purchase,2014-06-13,"Status Indicator Md",295,,Retail
226175423,"Best Buy",purchase,2014-06-05,"Status Indicator Md",295,,Retail
226179977,"Best Buy",purchase,2014-09-11,Alarm,699,,Retail
226179977,"Best Buy",purchase,2014-11-21,"Launch Button",699,,Retail
226220963,"Best Buy",purchase,2014-12-01,"Status Indicator Md",295,,Retail
226268527,"Best Buy",purchase,2014-10-10,"Signal Amplifier",98,,Retail
226268527,"Best Buy",purchase,2014-12-08,"Launch Button",699,,Retail
226268527,"Best Buy",purchase,2014-10-22,Alarm,699,,Retail
226268527,"Best Buy",purchase,2014-10-22,"Status Indicator Sm",203,,Retail
226268527,"Best Buy",purchase,2014-10-28,"Status Indicator Sm",203,,Retail
226268527,"Best Buy",purchase,2014-10-10,"Status Indicator Sm",203,,Retail
226268527,"Best Buy",purchase,2014-12-01,"Status Indicator Md",295,,Retail
226268527,"Best Buy",purchase,2014-12-01,"Status Indicator Md",295,,Retail
218567207,"Best Buy",purchase,2014-11-04,"Launch Button",699,,Retail
226066127,"Best Buy",purchase,2014-10-28,"Status Indicator Sm",203,,Retail
225672965,"Best Buy",purchase,2014-10-28,"Status Indicator Md",295,,Retail
225689157,"Best Buy",purchase,2014-10-28,"Launch Button",699,,Retail
225357221,"Best Buy",purchase,2014-11-21,"Status Indicator Sm",203,,Retail
225842981,"Best Buy",purchase,2014-11-14,"Status Indicator Sm",203,,Retail
225671447,"Best Buy",purchase,2014-10-22,"Status Indicator Sm",203,,Retail
225363293,"Best Buy",purchase,2014-11-21,"Signal Amplifier",98,,Retail
225363293,"Best Buy",purchase,2014-11-14,Alarm,699,,Retail
225363293,"Best Buy",purchase,2014-10-22,"Status Indicator Sm",203,,Retail
225363293,"Best Buy",purchase,2014-10-22,"Status Indicator Sm",203,,Retail
225671447,"Best Buy",purchase,2014-10-22,"Status Indicator Sm",203,,Retail
226180989,"Best Buy",purchase,2014-10-22,"Status Indicator Md",295,,Retail
226279659,"Best Buy",purchase,2014-09-11,"Signal Amplifier",98,,Retail
226279659,"Best Buy",purchase,2014-11-21,"Status Indicator Sm",203,,Retail
223207733,"Best Buy",purchase,2014-10-02,"Status Indicator Sm",203,,Retail
223207733,"Best Buy",purchase,2014-12-01,"Status Indicator Sm",203,,Retail
226279659,"Best Buy",purchase,2014-10-28,"Status Indicator Lg",397,,Retail
225090053,"Best Buy",purchase,2014-09-11,"Status Indicator Md",295,,Retail
223471359,"Best Buy",purchase,2014-12-01,Dashboard,344,,Retail
219678889,"Best Buy",purchase,2014-11-04,"Status Indicator Md",295,,Retail
225867775,"Best Buy",purchase,2014-10-22,"Status Indicator Md",295,,Retail
225911797,"Best Buy",purchase,2014-11-21,"Status Indicator Sm",203,,Retail
225723059,"Best Buy",purchase,2014-09-11,"Status Indicator Sm",203,,Retail
225761009,"Best Buy",purchase,2014-08-08,Dashboard,344,,Retail
225761009,"Best Buy",purchase,2014-11-14,"Status Indicator Md",295,,Retail
222961817,"Best Buy",purchase,2014-11-14,"Status Indicator Sm",203,,Retail
223597353,"Best Buy",purchase,2014-11-14,"Launch Button",699,,Retail
225827295,"Best Buy",purchase,2014-12-01,"Status Indicator Lg",397,,Retail
225856643,"Best Buy",purchase,2014-11-04,"Launch Button",699,,Retail
225856643,"Best Buy",purchase,2014-11-05,"Status Indicator Sm",203,,Retail
225856643,"Best Buy",purchase,2014-11-14,"Status Indicator Sm",203,,Retail
225954301,"Best Buy",purchase,2014-11-04,"Status Indicator Lg",397,,Retail
220299751,"Best Buy",purchase,2014-11-21,"Status Indicator Sm",203,,Retail
225707373,"Best Buy",purchase,2014-12-08,"Launch Button",699,,Retail
225707373,"Best Buy",purchase,2014-10-28,"Status Indicator Lg",397,,Retail
225707373,"Best Buy",purchase,2014-11-21,"Status Indicator Lg",397,,Retail
225707373,"Best Buy",purchase,2014-12-08,Alarm,699,,Retail
225707373,"Best Buy",purchase,2014-11-21,"Status Indicator Sm",203,,Retail
225707373,"Best Buy",purchase,2014-11-21,"Status Indicator Sm",203,,Retail
225772647,"Best Buy",purchase,2014-10-22,"Status Indicator Sm",203,,Retail
225775683,"Best Buy",purchase,2014-10-17,"Status Indicator Md",295,,Retail
225815657,"Best Buy",purchase,2014-08-14,"Status Indicator Md",295,,Retail
225844499,"Best Buy",purchase,2014-09-11,"Status Indicator Sm",203,,Retail
225844499,"Best Buy",purchase,2014-09-25,"Status Indicator Sm",203,,Retail
226327223,"Best Buy",purchase,2014-04-25,"Status Indicator Sm",203,,Retail
226268527,"Best Buy",purchase,2014-09-05,"Dashboard + Monitor",502,,Retail
226392497,"Best Buy",purchase,2014-10-28,"Status Indicator Lg",397,,Retail
226136967,"Best Buy",purchase,2014-10-28,"Signal Amplifier",98,,Retail
226136967,"Best Buy",purchase,2014-11-21,"Status Indicator Md",295,,Retail
226136967,"Best Buy",purchase,2014-11-21,"Launch Button",699,,Retail
226136967,"Best Buy",purchase,2014-10-22,"Status Indicator Sm",203,,Retail
226136967,"Best Buy",purchase,2014-11-21,"Launch Button",699,,Retail
226216409,"Best Buy",purchase,2014-11-21,"Status Indicator Md",295,,Retail
225646147,"Best Buy",purchase,2014-11-04,"Status Indicator Lg",397,,Retail
224630099,"Best Buy",purchase,2014-06-05,"Status Indicator Md",295,,Retail
225887509,"Best Buy",purchase,2014-12-01,"Status Indicator Lg",397,,Retail
226068151,"Best Buy",purchase,2014-10-22,"Status Indicator Sm",203,,Retail
226132413,"Best Buy",purchase,2014-11-04,"Status Indicator Lg",397,,Retail
219832207,"Best Buy",purchase,2014-04-14,"Status Indicator Sm",203,,Retail
219832207,"Best Buy",purchase,2014-04-17,"Status Indicator Sm",203,,Retail
219832207,"Best Buy",purchase,2014-04-17,"Status Indicator Sm",203,,Retail
224807705,"Best Buy",purchase,2014-10-22,"Dashboard + Monitor",502,,Retail
225947217,"Best Buy",purchase,2014-11-14,"Status Indicator Md",295,,Retail
226261443,"Best Buy",purchase,2014-10-28,Dashboard,344,,Retail
226273081,"Best Buy",purchase,2014-12-01,"Signal Amplifier",98,,Retail
226273081,"Best Buy",purchase,2014-10-10,"Status Indicator Lg",397,,Retail
226273081,"Best Buy",purchase,2014-10-10,"Status Indicator Md",295,,Retail
226273081,"Best Buy",purchase,2014-10-17,Dashboard,344,,Retail
225682579,"Best Buy",purchase,2014-10-22,"Status Indicator Sm",203,,Retail
223391411,"Best Buy",purchase,2014-10-28,"Status Indicator Sm",203,,Retail
225832861,"Best Buy",purchase,2014-05-09,"Status Indicator Md",295,,Retail
226170363,"Best Buy",purchase,2014-08-28,"Status Indicator Sm",203,,Retail
218567207,"Best Buy",purchase,2014-10-17,"Status Indicator Sm",203,,Retail
225624389,"Best Buy",purchase,2014-10-22,"Signal Amplifier",98,,Retail
225624389,"Best Buy",purchase,2014-11-04,"Launch Button",699,,Retail
225624389,"Best Buy",purchase,2014-11-04,"Status Indicator Sm",203,,Retail
225624389,"Best Buy",purchase,2014-11-04,"Dashboard + Monitor",502,,Retail
225139135,"Best Buy",purchase,2014-04-17,"Status Indicator Sm",203,,Retail
225139135,"Best Buy",purchase,2014-10-17,"Status Indicator Sm",203,,Retail
225979601,"Best Buy",purchase,2014-11-04,"Status Indicator Lg",397,,Retail
226021599,"Best Buy",purchase,2014-05-23,"Status Indicator Sm",203,,Retail
225979601,"Best Buy",purchase,2014-11-04,"Status Indicator Sm",203,,Retail
225979601,"Best Buy",purchase,2014-11-14,"Status Indicator Sm",203,,Retail
225887003,"Best Buy",purchase,2014-10-10,"Launch Button",699,,Retail
223327149,"Best Buy",purchase,2014-10-22,"Status Indicator Sm",203,,Retail
220464201,"Best Buy",purchase,2014-09-25,"Status Indicator Sm",203,,Retail
226084343,"Best Buy",purchase,2014-06-13,"Status Indicator Md",295,,Retail
225357221,"Best Buy",purchase,2014-11-04,"Status Indicator Sm",203,,Retail
226176941,"Best Buy",purchase,2014-04-14,"Status Indicator Sm",203,,Retail
225210987,"Best Buy",purchase,2014-11-14,"Status Indicator Sm",203,,Retail
225210987,"Best Buy",purchase,2014-11-14,"Status Indicator Sm",203,,Retail
222961817,"Best Buy",purchase,2014-04-03,"Status Indicator Sm",203,,Retail
226022105,"Best Buy",purchase,2014-10-22,"Status Indicator Sm",203,,Retail
224286525,"Best Buy",purchase,2014-10-17,"Status Indicator Sm",203,,Retail
226170363,"Best Buy",purchase,2014-11-04,"Status Indicator Sm",203,,Retail
226170363,"Best Buy",purchase,2014-10-17,"Status Indicator Md",295,,Retail
226375293,"Best Buy",purchase,2014-10-28,"Launch Button",699,,Retail
226375293,"Best Buy",purchase,2014-10-22,"Status Indicator Sm",203,,Retail
226179977,"Best Buy",purchase,2014-09-19,"Status Indicator Sm",203,,Retail
226304959,"Best Buy",purchase,2014-10-10,"Status Indicator Sm",203,,Retail
225912809,"Best Buy",purchase,2014-10-02,"Status Indicator Lg",397,,Retail
221527813,"Best Buy",purchase,2014-11-21,"Status Indicator Sm",203,,Retail
221527813,"Best Buy",purchase,2014-11-14,"Status Indicator Md",295,,Retail
223396977,"Best Buy",purchase,2014-10-28,"Status Indicator Sm",203,,Retail
223439987,"Best Buy",purchase,2014-10-28,"Status Indicator Sm",203,,Retail
223044801,"Best Buy",purchase,2014-10-22,"Status Indicator Sm",203,,Retail
226069669,"Best Buy",purchase,2014-11-14,"Status Indicator Lg",397,,Retail
226117739,"Best Buy",purchase,2014-10-28,"Status Indicator Md",295,,Retail
225105233,"Best Buy",purchase,2014-09-11,"Dashboard + Monitor",502,,Retail
224284501,"Best Buy",purchase,2014-10-02,"Status Indicator Sm",203,,Retail
226223999,"Best Buy",purchase,2014-10-28,"Signal Amplifier",98,,Retail
226223999,"Best Buy",purchase,2014-11-04,Alarm,699,,Retail
226234119,"Best Buy",purchase,2014-12-01,"Status Indicator Lg",397,,Retail
226234119,"Best Buy",purchase,2014-10-22,"Status Indicator Lg",397,,Retail
226101041,"Best Buy",purchase,2014-11-04,"Status Indicator Lg",397,,Retail
226119763,"Best Buy",purchase,2014-09-11,"Status Indicator Lg",397,,Retail
226126847,"Best Buy",purchase,2014-12-01,Dashboard,344,,Retail
224802139,"Best Buy",purchase,2014-10-22,Alarm,699,,Retail
225420471,"Best Buy",purchase,2014-09-11,Alarm,699,,Retail
226119763,"Best Buy",purchase,2014-11-04,"Signal Amplifier",98,,Retail
225405291,"Best Buy",purchase,2014-10-28,"Status Indicator Lg",397,,Retail
224644267,"Best Buy",purchase,2014-11-04,"Signal Amplifier",98,,Retail
224644267,"Best Buy",purchase,2014-08-28,"Status Indicator Sm",203,,Retail
224644267,"Best Buy",purchase,2014-11-14,"Status Indicator Sm",203,,Retail
226063597,"Best Buy",purchase,2014-11-21,"Status Indicator Lg",397,,Retail
226118245,"Best Buy",purchase,2014-11-21,"Status Indicator Md",295,,Retail
226118245,"Best Buy",purchase,2014-11-21,"Status Indicator Md",295,,Retail
219148601,"Best Buy",purchase,2014-10-22,"Status Indicator Lg",397,,Retail
225827295,"Best Buy",purchase,2014-10-22,"Signal Amplifier",98,,Retail
225827295,"Best Buy",purchase,2014-09-25,"Status Indicator Sm",203,,Retail
225074367,"Best Buy",purchase,2014-10-22,"Status Indicator Sm",203,,Retail
226172387,"Best Buy",purchase,2014-10-02,"Status Indicator Sm",203,,Retail
226172893,"Best Buy",purchase,2014-10-28,Alarm,699,,Retail
226172893,"Best Buy",purchase,2014-10-22,"Status Indicator Sm",203,,Retail
226172893,"Best Buy",purchase,2014-10-22,"Status Indicator Sm",203,,Retail
226180483,"Best Buy",purchase,2014-11-14,"Status Indicator Md",295,,Retail
226180483,"Best Buy",purchase,2014-11-14,"Status Indicator Md",295,,Retail
226169351,"Best Buy",purchase,2014-10-22,"Status Indicator Sm",203,,Retail
226274093,"Best Buy",purchase,2014-11-21,"Status Indicator Sm",203,,Retail
226283201,"Best Buy",purchase,2014-11-21,"Status Indicator Sm",203,,Retail
218942153,"Best Buy",purchase,2014-08-14,"Status Indicator Sm",203,,Retail
226274093,"Best Buy",purchase,2014-11-21,"Status Indicator Sm",203,,Retail
226047911,"Best Buy",purchase,2014-10-28,"Launch Button",699,,Retail
226047911,"Best Buy",purchase,2014-12-01,"Status Indicator Sm",203,,Retail
226047911,"Best Buy",purchase,2014-11-04,"Status Indicator Sm",203,,Retail
226047911,"Best Buy",purchase,2014-10-22,"Status Indicator Sm",203,,Retail
224405941,"Best Buy",purchase,2014-10-22,"Status Indicator Md",295,,Retail
226047911,"Best Buy",purchase,2014-10-10,"Launch Button",699,,Retail
226110655,"Best Buy",purchase,2014-11-04,"Launch Button",699,,Retail
219035257,"Best Buy",purchase,2014-10-02,"Status Indicator Sm",203,,Retail
226171375,"Best Buy",purchase,2014-10-28,"Launch Button",699,,Retail
226171375,"Best Buy",purchase,2014-11-21,"Status Indicator Md",295,,Retail
219896469,"Best Buy",purchase,2014-04-25,"Status Indicator Sm",203,,Retail
225623377,"Best Buy",purchase,2014-07-18,"Status Indicator Lg",397,,Retail
225623377,"Best Buy",purchase,2014-10-28,"Status Indicator Sm",203,,Retail
225623377,"Best Buy",purchase,2014-10-02,"Status Indicator Md",295,,Retail
219896469,"Best Buy",purchase,2014-11-21,Alarm,699,,Retail
221207009,"Best Buy",purchase,2014-10-22,"Status Indicator Sm",203,,Retail
226670291,"Best Buy",purchase,2014-10-22,"Signal Amplifier",98,,Retail
225689663,"Best Buy",purchase,2014-11-21,"Signal Amplifier",98,,Retail
225689663,"Best Buy",purchase,2014-11-04,"Launch Button",699,,Retail
225689663,"Best Buy",purchase,2014-10-22,Alarm,699,,Retail
225834885,"Best Buy",purchase,2014-10-28,"Status Indicator Sm",203,,Retail
225856137,"Best Buy",purchase,2014-10-22,Dashboard,344,,Retail
225859679,"Best Buy",purchase,2014-10-28,"Signal Amplifier",98,,Retail
224828451,"Best Buy",purchase,2014-11-04,"Launch Button",699,,Retail
221392711,"Best Buy",purchase,2014-10-22,"Status Indicator Sm",203,,Retail
223776983,"Best Buy",purchase,2014-09-19,"Launch Button",699,,Retail
224828451,"Best Buy",purchase,2014-10-28,"Status Indicator Sm",203,,Retail
224828451,"Best Buy",purchase,2014-11-14,Alarm,699,,Retail
221501501,"Best Buy",purchase,2014-08-08,"Launch Button",699,,Retail
226720891,"Best Buy",purchase,2014-10-28,"Launch Button",699,,Retail
226779081,"Best Buy",purchase,2014-11-04,Alarm,699,,Retail
226799321,"Best Buy",purchase,2015-03-13,Dashboard,344,,Retail
226799321,"Best Buy",purchase,2015-03-13,Dashboard,344,,Retail
224263755,"Best Buy",purchase,2014-04-03,"Status Indicator Sm",203,,Retail
224651857,"Best Buy",purchase,2014-10-22,"Status Indicator Sm",203,,Retail
224651857,"Best Buy",purchase,2014-10-22,"Status Indicator Sm",203,,Retail
224651857,"Best Buy",purchase,2014-10-22,"Status Indicator Sm",203,,Retail
226824621,"Best Buy",purchase,2014-09-11,"Status Indicator Lg",397,,Retail
226824621,"Best Buy",purchase,2014-11-21,Dashboard,344,,Retail
226840813,"Best Buy",purchase,2014-12-08,"Signal Amplifier",98,,Retail
226840813,"Best Buy",purchase,2014-10-22,Alarm,699,,Retail
226840813,"Best Buy",purchase,2014-11-14,"Launch Button",699,,Retail
226840813,"Best Buy",purchase,2014-10-10,"Status Indicator Sm",203,,Retail
226840813,"Best Buy",purchase,2015-04-03,"Status Indicator Sm",203,,Retail
226835247,"Best Buy",purchase,2014-11-21,"Signal Amplifier",98,,Retail
226835247,"Best Buy",purchase,2014-10-17,"Status Indicator Lg",397,,Retail
226440567,"Best Buy",purchase,2014-04-14,"Status Indicator Md",295,,Retail
226637401,"Best Buy",purchase,2014-10-22,"Status Indicator Sm",203,,Retail
226791225,"Best Buy",purchase,2014-10-28,"Signal Amplifier",98,,Retail
226791225,"Best Buy",purchase,2014-09-05,"Status Indicator Sm",203,,Retail
222077835,"Best Buy",purchase,2014-10-28,"Signal Amplifier",98,,Retail
226329753,"Best Buy",purchase,2014-11-04,"Signal Amplifier",98,,Retail
226339367,"Best Buy",purchase,2014-08-08,"Status Indicator Md",295,,Retail
226062585,"Best Buy",purchase,2014-12-01,"Status Indicator Sm",203,,Retail
226509889,"Best Buy",purchase,2014-10-22,"Status Indicator Sm",203,,Retail
226677375,"Best Buy",purchase,2014-12-01,"Launch Button",699,,Retail
226677375,"Best Buy",purchase,2014-10-17,"Status Indicator Sm",203,,Retail
226677375,"Best Buy",purchase,2014-11-14,"Status Indicator Sm",203,,Retail
226677375,"Best Buy",purchase,2014-12-01,"Status Indicator Md",295,,Retail
225266141,"Best Buy",purchase,2014-11-21,"Status Indicator Sm",203,,Retail
226132413,"Best Buy",purchase,2014-10-22,"Status Indicator Sm",203,,Retail
224419097,"Best Buy",purchase,2014-11-21,"Launch Button",699,,Retail
222912735,"Best Buy",purchase,2014-10-28,"Status Indicator Lg",397,,Retail
225198843,"Best Buy",purchase,2014-10-28,Dashboard,344,,Retail
226333295,"Best Buy",purchase,2014-10-02,"Status Indicator Md",295,,Retail
226193133,"Best Buy",purchase,2014-10-22,"Status Indicator Md",295,,Retail
226193133,"Best Buy",purchase,2014-08-08,"Status Indicator Sm",203,,Retail
225981119,"Best Buy",purchase,2014-11-21,"Status Indicator Sm",203,,Retail
225981119,"Best Buy",purchase,2014-11-21,"Status Indicator Sm",203,,Retail
223483503,"Best Buy",purchase,2014-10-28,"Launch Button",699,,Retail
225504973,"Best Buy",purchase,2014-10-28,"Dashboard + Monitor",502,,Retail
225504973,"Best Buy",purchase,2014-10-22,"Dashboard + Monitor",502,,Retail
225504973,"Best Buy",purchase,2014-10-28,"Dashboard + Monitor",502,,Retail
221005621,"Best Buy",purchase,2014-12-01,Dashboard,344,,Retail
226226529,"Best Buy",purchase,2014-05-15,"Status Indicator Md",295,,Retail
226226529,"Best Buy",purchase,2014-10-22,"Status Indicator Sm",203,,Retail
225887003,"Best Buy",purchase,2014-10-22,Alarm,699,,Retail
226330259,"Best Buy",purchase,2014-10-17,"Signal Amplifier",98,,Retail
226330259,"Best Buy",purchase,2014-10-22,"Status Indicator Sm",203,,Retail
226330259,"Best Buy",purchase,2014-10-17,"Status Indicator Sm",203,,Retail
226742143,"Best Buy",purchase,2014-11-04,Alarm,699,,Retail
226062585,"Best Buy",purchase,2014-10-17,"Status Indicator Md",295,,Retail
226208313,"Best Buy",purchase,2014-10-22,"Signal Amplifier",98,,Retail
226208313,"Best Buy",purchase,2014-08-14,"Status Indicator Lg",397,,Retail
226276117,"Best Buy",purchase,2014-10-28,"Signal Amplifier",98,,Retail
226276117,"Best Buy",purchase,2014-10-28,"Status Indicator Md",295,,Retail
226276117,"Best Buy",purchase,2014-07-18,"Status Indicator Md",295,,Retail
221502007,"Best Buy",purchase,2014-12-08,"Launch Button",699,,Retail
226290791,"Best Buy",purchase,2014-09-11,"Signal Amplifier",98,,Retail
226290791,"Best Buy",purchase,2014-11-21,"Launch Button",699,,Retail
226290791,"Best Buy",purchase,2014-04-03,"Status Indicator Md",295,,Retail
222782693,"Best Buy",purchase,2014-11-04,"Status Indicator Sm",203,,Retail
222782693,"Best Buy",purchase,2014-09-11,"Status Indicator Sm",203,,Retail
226290791,"Best Buy",purchase,2014-04-03,"Status Indicator Md",295,,Retail
226290791,"Best Buy",purchase,2014-10-28,Alarm,699,,Retail
221786885,"Best Buy",purchase,2014-11-14,"Status Indicator Sm",203,,Retail
226320645,"Best Buy",purchase,2014-11-04,"Launch Button",699,,Retail
226321657,"Best Buy",purchase,2014-11-14,"Signal Amplifier",98,,Retail
226321657,"Best Buy",purchase,2014-11-04,Alarm,699,,Retail
226531141,"Best Buy",purchase,2014-11-04,"Signal Amplifier",98,,Retail
226542779,"Best Buy",purchase,2014-10-22,"Status Indicator Sm",203,,Retail
226542779,"Best Buy",purchase,2014-10-22,"Status Indicator Sm",203,,Retail
226556441,"Best Buy",purchase,2014-11-14,"Status Indicator Sm",203,,Retail
226200723,"Best Buy",purchase,2014-10-22,"Status Indicator Sm",203,,Retail
226200723,"Best Buy",purchase,2014-11-04,"Status Indicator Sm",203,,Retail
226227035,"Best Buy",purchase,2014-10-28,"Signal Amplifier",98,,Retail
226227035,"Best Buy",purchase,2014-11-04,"Status Indicator Md",295,,Retail
225856137,"Best Buy",purchase,2014-11-04,"Status Indicator Sm",203,,Retail
225926471,"Best Buy",purchase,2014-10-28,"Launch Button",699,,Retail
225967457,"Best Buy",purchase,2014-11-21,"Status Indicator Sm",203,,Retail
225293465,"Best Buy",purchase,2014-10-22,"Signal Amplifier",98,,Retail
225689663,"Best Buy",purchase,2014-11-14,"Status Indicator Sm",203,,Retail
225689663,"Best Buy",purchase,2014-11-05,"Status Indicator Sm",203,,Retail
226171375,"Best Buy",purchase,2014-11-21,"Status Indicator Lg",397,,Retail
226171375,"Best Buy",purchase,2014-11-21,"Status Indicator Md",295,,Retail
226175929,"Best Buy",purchase,2014-11-14,"Status Indicator Lg",397,,Retail
226277129,"Best Buy",purchase,2014-09-19,"Status Indicator Sm",203,,Retail
226285225,"Best Buy",purchase,2014-11-21,"Status Indicator Lg",397,,Retail
226171375,"Best Buy",purchase,2014-10-28,Alarm,699,,Retail
226171375,"Best Buy",purchase,2014-12-01,"Status Indicator Sm",203,,Retail
226257395,"Best Buy",purchase,2014-07-18,"Status Indicator Md",295,,Retail
226321657,"Best Buy",purchase,2014-10-22,"Status Indicator Sm",203,,Retail
226321657,"Best Buy",purchase,2014-10-22,"Status Indicator Sm",203,,Retail
226666749,"Best Buy",purchase,2014-11-14,"Status Indicator Sm",203,,Retail
226531141,"Best Buy",purchase,2014-10-28,"Status Indicator Sm",203,,Retail
226223999,"Best Buy",purchase,2014-10-22,Alarm,699,,Retail
226784141,"Best Buy",purchase,2014-12-08,"Status Indicator Sm",203,,Retail
226537719,"Best Buy",purchase,2014-07-25,"Status Indicator Sm",203,,Retail
226537719,"Best Buy",purchase,2014-11-14,"Status Indicator Sm",203,,Retail
226570609,"Best Buy",purchase,2014-10-17,"Launch Button",699,,Retail
225689157,"Best Buy",purchase,2014-10-17,"Status Indicator Md",295,,Retail
226570609,"Best Buy",purchase,2014-12-12,"Signal Amplifier",98,,Retail
226686483,"Best Buy",purchase,2014-11-04,"Status Indicator Lg",397,,Retail
226330765,"Best Buy",purchase,2014-11-13,Dashboard,344,,Retail
225582391,"Best Buy",purchase,2014-12-01,"Status Indicator Sm",203,,Retail
226341391,"Best Buy",purchase,2014-11-21,"Status Indicator Lg",397,,Retail
226341391,"Best Buy",purchase,2014-05-29,"Status Indicator Sm",203,,Retail
226341391,"Best Buy",purchase,2014-11-14,"Status Indicator Sm",203,,Retail
226360619,"Best Buy",purchase,2014-11-04,"Signal Amplifier",98,,Retail
226465361,"Best Buy",purchase,2014-10-28,Alarm,699,,Retail
226596921,"Best Buy",purchase,2014-10-22,"Signal Amplifier",98,,Retail
224775321,"Best Buy",purchase,2014-11-21,"Launch Button",699,,Retail
226580223,"Best Buy",purchase,2014-09-11,Dashboard,344,,Retail
222904639,"Best Buy",purchase,2014-10-17,"Status Indicator Sm",203,,Retail
222904639,"Best Buy",purchase,2014-10-22,"Status Indicator Sm",203,,Retail
225703325,"Best Buy",purchase,2014-10-02,Dashboard,344,,Retail
226666749,"Best Buy",purchase,2014-11-14,"Status Indicator Sm",203,,Retail
226666749,"Best Buy",purchase,2014-11-14,"Status Indicator Sm",203,,Retail
226320645,"Best Buy",purchase,2014-11-14,"Signal Amplifier",98,,Retail
226320645,"Best Buy",purchase,2014-10-10,"Status Indicator Md",295,,Retail
226320645,"Best Buy",purchase,2014-10-10,"Status Indicator Md",295,,Retail
223452637,"Best Buy",purchase,2014-10-28,"Status Indicator Lg",397,,Retail
223452637,"Best Buy",purchase,2014-11-04,"Status Indicator Sm",203,,Retail
226816019,"Best Buy",purchase,2014-10-28,"Status Indicator Sm",203,,Retail
226548345,"Best Buy",purchase,2014-12-01,"Status Indicator Md",295,,Retail
226747203,"Best Buy",purchase,2014-10-22,"Status Indicator Lg",397,,Retail
226768961,"Best Buy",purchase,2014-10-02,Alarm,699,,Retail
226747203,"Best Buy",purchase,2014-10-17,"Status Indicator Md",295,,Retail
226747203,"Best Buy",purchase,2014-07-10,"Status Indicator Md",295,,Retail
226768961,"Best Buy",purchase,2014-11-04,"Signal Amplifier",98,,Retail
226859029,"Best Buy",purchase,2015-04-06,"Status Indicator Sm",203,,Retail
226025141,"Best Buy",purchase,2014-10-17,"Status Indicator Md",295,,Retail
226825127,"Best Buy",purchase,2014-11-24,"Signal Amplifier",98,,Retail
226825127,"Best Buy",purchase,2014-10-10,Alarm,699,,Retail
226825127,"Best Buy",purchase,2014-10-22,"Launch Button",699,,Retail
226825127,"Best Buy",purchase,2014-11-14,"Status Indicator Md",295,,Retail
226601475,"Best Buy",purchase,2014-10-17,"Launch Button",699,,Retail
226601475,"Best Buy",purchase,2014-11-14,"Status Indicator Sm",203,,Retail
226601475,"Best Buy",purchase,2014-11-05,"Status Indicator Sm",203,,Retail
226505335,"Best Buy",purchase,2014-10-10,"Status Indicator Sm",203,,Retail
226083837,"Best Buy",purchase,2014-10-17,"Status Indicator Sm",203,,Retail
225391123,"Best Buy",purchase,2014-10-28,"Status Indicator Sm",203,,Retail
225391123,"Best Buy",purchase,2014-10-28,"Status Indicator Sm",203,,Retail
225391123,"Best Buy",purchase,2014-10-22,"Status Indicator Md",295,,Retail
222921843,"Best Buy",purchase,2014-11-14,"Signal Amplifier",98,,Retail
225624389,"Best Buy",purchase,2014-10-22,"Status Indicator Sm",203,,Retail
226099017,"Best Buy",purchase,2014-11-04,Alarm,699,,Retail
226099017,"Best Buy",purchase,2014-10-17,"Launch Button",699,,Retail
226177953,"Best Buy",purchase,2014-10-28,"Launch Button",699,,Retail
226548345,"Best Buy",purchase,2014-11-21,"Launch Button",699,,Retail
226266503,"Best Buy",purchase,2014-10-22,"Signal Amplifier",98,,Retail
226266503,"Best Buy",purchase,2014-10-22,"Status Indicator Sm",203,,Retail
226266503,"Best Buy",purchase,2014-10-22,"Status Indicator Sm",203,,Retail
226266503,"Best Buy",purchase,2014-10-22,"Status Indicator Sm",203,,Retail
226266503,"Best Buy",purchase,2014-10-28,"Status Indicator Sm",203,,Retail
225293465,"Best Buy",purchase,2014-04-25,"Status Indicator Md",295,,Retail
226312043,"Best Buy",purchase,2014-11-04,"Launch Button",699,,Retail
226339873,"Best Buy",purchase,2014-12-01,Dashboard,344,,Retail
226339873,"Best Buy",purchase,2014-11-14,"Status Indicator Sm",203,,Retail
226339873,"Best Buy",purchase,2014-11-14,"Status Indicator Sm",203,,Retail
226826139,"Best Buy",purchase,2014-11-21,"Signal Amplifier",98,,Retail
226826139,"Best Buy",purchase,2014-11-21,"Status Indicator Sm",203,,Retail
226862571,"Best Buy",purchase,2014-12-01,"Status Indicator Md",295,,Retail
222424445,"Best Buy",purchase,2014-11-14,Alarm,699,,Retail
225293465,"Best Buy",purchase,2014-12-01,"Status Indicator Lg",397,,Retail
226699639,"Best Buy",purchase,2014-11-14,"Status Indicator Md",295,,Retail
226699639,"Best Buy",purchase,2014-10-22,"Status Indicator Sm",203,,Retail
226699639,"Best Buy",purchase,2014-10-22,"Status Indicator Sm",203,,Retail
226699639,"Best Buy",purchase,2014-10-22,"Status Indicator Sm",203,,Retail
